Num_Acc,jour,mois,an,hrmn,lum,dep,com,agg,int,atm,col,adr,lat,long,catr,voie,v1,circ,nbv,vosp,prof,pr,pr1,plan,larrout,surf,infra,situ,vma,id_vehicule_x,num_veh_x,senc,catv,obs,obsm,choc,manv,motor,id_usager,id_vehicule_y,num_veh_y,place,catu,grav,sexe,an_nais,trajet,secu1,secu2,secu3,locp,actp,etatp
202400000001,25,3,2024,07:40,2,70,70285,1,1,5,1,D438,47.56277,6.75832,3,D438,0,2,2,0,1,1,260,2,7.0,1,0,1,90,155 781 758,A01,1,7,0,2,1,13,1,203 988 581,155 781 758,A01,1,1,3,1,2003.0,2,1,-1,-1,-1, -1,-1
202400000001,25,3,2024,07:40,2,70,70285,1,1,5,1,D438,47.56277,6.75832,3,D438,0,2,2,0,1,1,260,2,7.0,1,0,1,90,155 781 758,A01,1,7,0,2,1,13,1,203 988 582,155 781 759,B01,1,1,1,1,1997.0,4,1,-1,-1,-1, -1,-1
202400000001,25,3,2024,07:40,2,70,70285,1,1,5,1,D438,47.56277,6.75832,3,D438,0,2,2,0,1,1,260,2,7.0,1,0,1,90,155 781 759,B01,2,14,0,2,2,21,1,203 988 581,155 781 758,A01,1,1,3,1,2003.0,2,1,-1,-1,-1, -1,-1
202400000001,25,3,2024,07:40,2,70,70285,1,1,5,1,D438,47.56277,6.75832,3,D438,0,2,2,0,1,1,260,2,7.0,1,0,1,90,155 781 759,B01,2,14,0,2,2,21,1,203 988 582,155 781 759,B01,1,1,1,1,1997.0,4,1,-1,-1,-1, -1,-1
202400000002,20,3,2024,15:05,1,21,21054,2,3,7,6,HOTEL DIEU (RUE DE L'),47.02109,4.83755,4,HOTEL DIEU (RUE DE L'),0,2,2,0,1,-1, -1,1,-1.0,9,0,1,30,155 781 757,A01,1,10,0,1,3,15,1,203 988 579,155 781 757,A01,10,3,3,2,1927.0,5,0,-1,-1,3,3,1
202400000002,20,3,2024,15:05,1,21,21054,2,3,7,6,HOTEL DIEU (RUE DE L'),47.02109,4.83755,4,HOTEL DIEU (RUE DE L'),0,2,2,0,1,-1, -1,1,-1.0,9,0,1,30,155 781 757,A01,1,10,0,1,3,15,1,203 988 580,155 781 757,A01,1,1,1,1,1987.0,4,1,0,-1,3,3,1
202400000002,20,3,2024,15:05,1,21,21054,2,3,7,6,HOTEL DIEU (RUE DE L'),47.02109,4.83755,4,POTERNE (RUE),0,1,1,0,1,-1, -1,1,-1.0,9,0,1,30,155 781 757,A01,1,10,0,1,3,15,1,203 988 579,155 781 757,A01,10,3,3,2,1927.0,5,0,-1,-1,3,3,1
202400000002,20,3,2024,15:05,1,21,21054,2,3,7,6,HOTEL DIEU (RUE DE L'),47.02109,4.83755,4,POTERNE (RUE),0,1,1,0,1,-1, -1,1,-1.0,9,0,1,30,155 781 757,A01,1,10,0,1,3,15,1,203 988 580,155 781 757,A01,1,1,1,1,1987.0,4,1,0,-1,3,3,1
202400000003,22,3,2024,19:30,2,15,15012,1,1,1,6,Allée des Tilleuls,44.902384,2.496418,4,TILLEULS (ALLEE DES),0,2,2,0,1,-1, -1,1,-1.0,1,0,3,50,155 781 756,A01,3,3,9,1,1,1,1,203 988 574,155 781 756,A01,2,2,4,2,2007.0,5,8,0,-1,-1, -1,-1
202400000003,22,3,2024,19:30,2,15,15012,1,1,1,6,Allée des Tilleuls,44.902384,2.496418,4,TILLEULS (ALLEE DES),0,2,2,0,1,-1, -1,1,-1.0,1,0,3,50,155 781 756,A01,3,3,9,1,1,1,1,203 988 575,155 781 756,A01,10,3,4,1,2007.0,5,0,-1,-1,6,B,3
202400000003,22,3,2024,19:30,2,15,15012,1,1,1,6,Allée des Tilleuls,44.902384,2.496418,4,TILLEULS (ALLEE DES),0,2,2,0,1,-1, -1,1,-1.0,1,0,3,50,155 781 756,A01,3,3,9,1,1,1,1,203 988 576,155 781 756,A01,10,3,3,2,2008.0,5,0,-1,-1,6,B,3
202400000003,22,3,2024,19:30,2,15,15012,1,1,1,6,Allée des Tilleuls,44.902384,2.496418,4,TILLEULS (ALLEE DES),0,2,2,0,1,-1, -1,1,-1.0,1,0,3,50,155 781 756,A01,3,3,9,1,1,1,1,203 988 577,155 781 756,A01,1,1,4,2,2007.0,5,8,0,-1,-1, -1,-1
202400000003,22,3,2024,19:30,2,15,15012,1,1,1,6,Allée des Tilleuls,44.902384,2.496418,4,TILLEULS (ALLEE DES),0,2,2,0,1,-1, -1,1,-1.0,1,0,3,50,155 781 756,A01,3,3,9,1,1,1,1,203 988 578,155 781 756,A01,10,3,1,1,2007.0,5,0,-1,-1,6,B,3
202400000004,24,3,2024,17:50,1,14,14118,2,3,7,3,128 Rue d'Authie,49.19166,-0.39851,4,AUTHIE (N° 106 PAIRS -115 IMPAIRS),0,2,4,0,1,-1, -1,1,-1.0,1,9,1,50,155 781 754,B01,3,34,0,2,0,0,1,203 988 573,155 781 754,B01,1,1,4,1,1963.0,5,2,6,-1,0,0,-1
202400000004,24,3,2024,17:50,1,14,14118,2,3,7,3,128 Rue d'Authie,49.19166,-0.39851,4,AUTHIE (N° 106 PAIRS -115 IMPAIRS),0,2,4,0,1,-1, -1,1,-1.0,1,9,1,50,155 781 755,A01,3,7,0,2,3,15,0,203 988 573,155 781 754,B01,1,1,4,1,1963.0,5,2,6,-1,0,0,-1
202400000004,24,3,2024,17:50,1,14,14118,2,3,7,3,128 Rue d'Authie,49.19166,-0.39851,4,HAGUE (RUE DE LA),0,2,2,0,1,-1, -1,1,-1.0,1,0,1,50,155 781 754,B01,3,34,0,2,0,0,1,203 988 573,155 781 754,B01,1,1,4,1,1963.0,5,2,6,-1,0,0,-1
202400000004,24,3,2024,17:50,1,14,14118,2,3,7,3,128 Rue d'Authie,49.19166,-0.39851,4,HAGUE (RUE DE LA),0,2,2,0,1,-1, -1,1,-1.0,1,0,1,50,155 781 755,A01,3,7,0,2,3,15,0,203 988 573,155 781 754,B01,1,1,4,1,1963.0,5,2,6,-1,0,0,-1
202400000005,25,3,2024,19:35,5,13,13106,1,3,2,5,BEDOULE (CHEMIN DE LA),43.39,5.35,1,BEDOULE (CHEMIN DE LA),0,2,4,0,1,1,0,1,17.0,2,0,1,50,155 781 750,A01,3,7,0,2,1,9,1,203 988 569,155 781 750,A01,1,1,4,1,1981.0,0,8,0,-1,-1, -1,-1
202400000005,25,3,2024,19:35,5,13,13106,1,3,2,5,BEDOULE (CHEMIN DE LA),43.39,5.35,1,BEDOULE (CHEMIN DE LA),0,2,4,0,1,1,0,1,17.0,2,0,1,50,155 781 750,A01,3,7,0,2,1,9,1,203 988 570,155 781 751,B01,1,1,4,2,2005.0,0,8,0,-1,-1, -1,-1
202400000005,25,3,2024,19:35,5,13,13106,1,3,2,5,BEDOULE (CHEMIN DE LA),43.39,5.35,1,BEDOULE (CHEMIN DE LA),0,2,4,0,1,1,0,1,17.0,2,0,1,50,155 781 750,A01,3,7,0,2,1,9,1,203 988 571,155 781 752,C01,1,1,1,1,2000.0,0,8,0,-1,-1, -1,-1
202400000005,25,3,2024,19:35,5,13,13106,1,3,2,5,BEDOULE (CHEMIN DE LA),43.39,5.35,1,BEDOULE (CHEMIN DE LA),0,2,4,0,1,1,0,1,17.0,2,0,1,50,155 781 750,A01,3,7,0,2,1,9,1,203 988 572,155 781 753,D01,1,1,4,2,1963.0,0,8,0,-1,-1, -1,-1
202400000005,25,3,2024,19:35,5,13,13106,1,3,2,5,BEDOULE (CHEMIN DE LA),43.39,5.35,1,BEDOULE (CHEMIN DE LA),0,2,4,0,1,1,0,1,17.0,2,0,1,50,155 781 751,B01,-1,7,0,2,1,17,1,203 988 569,155 781 750,A01,1,1,4,1,1981.0,0,8,0,-1,-1, -1,-1
202400000005,25,3,2024,19:35,5,13,13106,1,3,2,5,BEDOULE (CHEMIN DE LA),43.39,5.35,1,BEDOULE (CHEMIN DE LA),0,2,4,0,1,1,0,1,17.0,2,0,1,50,155 781 751,B01,-1,7,0,2,1,17,1,203 988 570,155 781 751,B01,1,1,4,2,2005.0,0,8,0,-1,-1, -1,-1
202400000005,25,3,2024,19:35,5,13,13106,1,3,2,5,BEDOULE (CHEMIN DE LA),43.39,5.35,1,BEDOULE (CHEMIN DE LA),0,2,4,0,1,1,0,1,17.0,2,0,1,50,155 781 751,B01,-1,7,0,2,1,17,1,203 988 571,155 781 752,C01,1,1,1,1,2000.0,0,8,0,-1,-1, -1,-1
202400000005,25,3,2024,19:35,5,13,13106,1,3,2,5,BEDOULE (CHEMIN DE LA),43.39,5.35,1,BEDOULE (CHEMIN DE LA),0,2,4,0,1,1,0,1,17.0,2,0,1,50,155 781 751,B01,-1,7,0,2,1,17,1,203 988 572,155 781 753,D01,1,1,4,2,1963.0,0,8,0,-1,-1, -1,-1
202400000005,25,3,2024,19:35,5,13,13106,1,3,2,5,BEDOULE (CHEMIN DE LA),43.39,5.35,1,BEDOULE (CHEMIN DE LA),0,2,4,0,1,1,0,1,17.0,2,0,1,50,155 781 752,C01,-1,7,0,0,3,2,1,203 988 569,155 781 750,A01,1,1,4,1,1981.0,0,8,0,-1,-1, -1,-1
202400000005,25,3,2024,19:35,5,13,13106,1,3,2,5,BEDOULE (CHEMIN DE LA),43.39,5.35,1,BEDOULE (CHEMIN DE LA),0,2,4,0,1,1,0,1,17.0,2,0,1,50,155 781 752,C01,-1,7,0,0,3,2,1,203 988 570,155 781 751,B01,1,1,4,2,2005.0,0,8,0,-1,-1, -1,-1
202400000005,25,3,2024,19:35,5,13,13106,1,3,2,5,BEDOULE (CHEMIN DE LA),43.39,5.35,1,BEDOULE (CHEMIN DE LA),0,2,4,0,1,1,0,1,17.0,2,0,1,50,155 781 752,C01,-1,7,0,0,3,2,1,203 988 571,155 781 752,C01,1,1,1,1,2000.0,0,8,0,-1,-1, -1,-1
202400000005,25,3,2024,19:35,5,13,13106,1,3,2,5,BEDOULE (CHEMIN DE LA),43.39,5.35,1,BEDOULE (CHEMIN DE LA),0,2,4,0,1,1,0,1,17.0,2,0,1,50,155 781 752,C01,-1,7,0,0,3,2,1,203 988 572,155 781 753,D01,1,1,4,2,1963.0,0,8,0,-1,-1, -1,-1
202400000005,25,3,2024,19:35,5,13,13106,1,3,2,5,BEDOULE (CHEMIN DE LA),43.39,5.35,1,BEDOULE (CHEMIN DE LA),0,2,4,0,1,1,0,1,17.0,2,0,1,50,155 781 753,D01,-1,7,0,0,1,2,1,203 988 569,155 781 750,A01,1,1,4,1,1981.0,0,8,0,-1,-1, -1,-1
202400000005,25,3,2024,19:35,5,13,13106,1,3,2,5,BEDOULE (CHEMIN DE LA),43.39,5.35,1,BEDOULE (CHEMIN DE LA),0,2,4,0,1,1,0,1,17.0,2,0,1,50,155 781 753,D01,-1,7,0,0,1,2,1,203 988 570,155 781 751,B01,1,1,4,2,2005.0,0,8,0,-1,-1, -1,-1
202400000005,25,3,2024,19:35,5,13,13106,1,3,2,5,BEDOULE (CHEMIN DE LA),43.39,5.35,1,BEDOULE (CHEMIN DE LA),0,2,4,0,1,1,0,1,17.0,2,0,1,50,155 781 753,D01,-1,7,0,0,1,2,1,203 988 571,155 781 752,C01,1,1,1,1,2000.0,0,8,0,-1,-1, -1,-1
202400000005,25,3,2024,19:35,5,13,13106,1,3,2,5,BEDOULE (CHEMIN DE LA),43.39,5.35,1,BEDOULE (CHEMIN DE LA),0,2,4,0,1,1,0,1,17.0,2,0,1,50,155 781 753,D01,-1,7,0,0,1,2,1,203 988 572,155 781 753,D01,1,1,4,2,1963.0,0,8,0,-1,-1, -1,-1
202400000005,25,3,2024,19:35,5,13,13106,1,3,2,5,BEDOULE (CHEMIN DE LA),43.39,5.35,1,BEDOULE (CHEMIN DE LA),0,2,4,1,2,272,0,1,17.0,2,0,1,70,155 781 750,A01,3,7,0,2,1,9,1,203 988 569,155 781 750,A01,1,1,4,1,1981.0,0,8,0,-1,-1, -1,-1
202400000005,25,3,2024,19:35,5,13,13106,1,3,2,5,BEDOULE (CHEMIN DE LA),43.39,5.35,1,BEDOULE (CHEMIN DE LA),0,2,4,1,2,272,0,1,17.0,2,0,1,70,155 781 750,A01,3,7,0,2,1,9,1,203 988 570,155 781 751,B01,1,1,4,2,2005.0,0,8,0,-1,-1, -1,-1
202400000005,25,3,2024,19:35,5,13,13106,1,3,2,5,BEDOULE (CHEMIN DE LA),43.39,5.35,1,BEDOULE (CHEMIN DE LA),0,2,4,1,2,272,0,1,17.0,2,0,1,70,155 781 750,A01,3,7,0,2,1,9,1,203 988 571,155 781 752,C01,1,1,1,1,2000.0,0,8,0,-1,-1, -1,-1
202400000005,25,3,2024,19:35,5,13,13106,1,3,2,5,BEDOULE (CHEMIN DE LA),43.39,5.35,1,BEDOULE (CHEMIN DE LA),0,2,4,1,2,272,0,1,17.0,2,0,1,70,155 781 750,A01,3,7,0,2,1,9,1,203 988 572,155 781 753,D01,1,1,4,2,1963.0,0,8,0,-1,-1, -1,-1
202400000005,25,3,2024,19:35,5,13,13106,1,3,2,5,BEDOULE (CHEMIN DE LA),43.39,5.35,1,BEDOULE (CHEMIN DE LA),0,2,4,1,2,272,0,1,17.0,2,0,1,70,155 781 751,B01,-1,7,0,2,1,17,1,203 988 569,155 781 750,A01,1,1,4,1,1981.0,0,8,0,-1,-1, -1,-1
202400000005,25,3,2024,19:35,5,13,13106,1,3,2,5,BEDOULE (CHEMIN DE LA),43.39,5.35,1,BEDOULE (CHEMIN DE LA),0,2,4,1,2,272,0,1,17.0,2,0,1,70,155 781 751,B01,-1,7,0,2,1,17,1,203 988 570,155 781 751,B01,1,1,4,2,2005.0,0,8,0,-1,-1, -1,-1
202400000005,25,3,2024,19:35,5,13,13106,1,3,2,5,BEDOULE (CHEMIN DE LA),43.39,5.35,1,BEDOULE (CHEMIN DE LA),0,2,4,1,2,272,0,1,17.0,2,0,1,70,155 781 751,B01,-1,7,0,2,1,17,1,203 988 571,155 781 752,C01,1,1,1,1,2000.0,0,8,0,-1,-1, -1,-1
202400000005,25,3,2024,19:35,5,13,13106,1,3,2,5,BEDOULE (CHEMIN DE LA),43.39,5.35,1,BEDOULE (CHEMIN DE LA),0,2,4,1,2,272,0,1,17.0,2,0,1,70,155 781 751,B01,-1,7,0,2,1,17,1,203 988 572,155 781 753,D01,1,1,4,2,1963.0,0,8,0,-1,-1, -1,-1
202400000005,25,3,2024,19:35,5,13,13106,1,3,2,5,BEDOULE (CHEMIN DE LA),43.39,5.35,1,BEDOULE (CHEMIN DE LA),0,2,4,1,2,272,0,1,17.0,2,0,1,70,155 781 752,C01,-1,7,0,0,3,2,1,203 988 569,155 781 750,A01,1,1,4,1,1981.0,0,8,0,-1,-1, -1,-1
202400000005,25,3,2024,19:35,5,13,13106,1,3,2,5,BEDOULE (CHEMIN DE LA),43.39,5.35,1,BEDOULE (CHEMIN DE LA),0,2,4,1,2,272,0,1,17.0,2,0,1,70,155 781 752,C01,-1,7,0,0,3,2,1,203 988 570,155 781 751,B01,1,1,4,2,2005.0,0,8,0,-1,-1, -1,-1
202400000005,25,3,2024,19:35,5,13,13106,1,3,2,5,BEDOULE (CHEMIN DE LA),43.39,5.35,1,BEDOULE (CHEMIN DE LA),0,2,4,1,2,272,0,1,17.0,2,0,1,70,155 781 752,C01,-1,7,0,0,3,2,1,203 988 571,155 781 752,C01,1,1,1,1,2000.0,0,8,0,-1,-1, -1,-1
202400000005,25,3,2024,19:35,5,13,13106,1,3,2,5,BEDOULE (CHEMIN DE LA),43.39,5.35,1,BEDOULE (CHEMIN DE LA),0,2,4,1,2,272,0,1,17.0,2,0,1,70,155 781 752,C01,-1,7,0,0,3,2,1,203 988 572,155 781 753,D01,1,1,4,2,1963.0,0,8,0,-1,-1, -1,-1
202400000005,25,3,2024,19:35,5,13,13106,1,3,2,5,BEDOULE (CHEMIN DE LA),43.39,5.35,1,BEDOULE (CHEMIN DE LA),0,2,4,1,2,272,0,1,17.0,2,0,1,70,155 781 753,D01,-1,7,0,0,1,2,1,203 988 569,155 781 750,A01,1,1,4,1,1981.0,0,8,0,-1,-1, -1,-1
202400000005,25,3,2024,19:35,5,13,13106,1,3,2,5,BEDOULE (CHEMIN DE LA),43.39,5.35,1,BEDOULE (CHEMIN DE LA),0,2,4,1,2,272,0,1,17.0,2,0,1,70,155 781 753,D01,-1,7,0,0,1,2,1,203 988 570,155 781 751,B01,1,1,4,2,2005.0,0,8,0,-1,-1, -1,-1
202400000005,25,3,2024,19:35,5,13,13106,1,3,2,5,BEDOULE (CHEMIN DE LA),43.39,5.35,1,BEDOULE (CHEMIN DE LA),0,2,4,1,2,272,0,1,17.0,2,0,1,70,155 781 753,D01,-1,7,0,0,1,2,1,203 988 571,155 781 752,C01,1,1,1,1,2000.0,0,8,0,-1,-1, -1,-1
202400000005,25,3,2024,19:35,5,13,13106,1,3,2,5,BEDOULE (CHEMIN DE LA),43.39,5.35,1,BEDOULE (CHEMIN DE LA),0,2,4,1,2,272,0,1,17.0,2,0,1,70,155 781 753,D01,-1,7,0,0,1,2,1,203 988 572,155 781 753,D01,1,1,4,2,1963.0,0,8,0,-1,-1, -1,-1
202400000006,25,3,2024,04:00,5,13,13215,2,2,1,3,Petite Ourse (rue de la),43.34147,5.37306,4,Petite Ourse (rue de la),0,2,0,0,1,0,0,1,-1.0,1,5,1,50,155 781 748,A01,3,7,0,2,1,1,1,203 988 563,155 781 748,A01,1,1,4,1,1975.0,1,1,8,-1,-1, -1,-1
202400000006,25,3,2024,04:00,5,13,13215,2,2,1,3,Petite Ourse (rue de la),43.34147,5.37306,4,Petite Ourse (rue de la),0,2,0,0,1,0,0,1,-1.0,1,5,1,50,155 781 748,A01,3,7,0,2,1,1,1,203 988 564,155 781 749,B01,2,2,1,1,1981.0,4,1,0,-1,-1, -1,-1
202400000006,25,3,2024,04:00,5,13,13215,2,2,1,3,Petite Ourse (rue de la),43.34147,5.37306,4,Petite Ourse (rue de la),0,2,0,0,1,0,0,1,-1.0,1,5,1,50,155 781 748,A01,3,7,0,2,1,1,1,203 988 565,155 781 749,B01,4,2,1,1,1983.0,4,1,0,-1,-1, -1,-1
202400000006,25,3,2024,04:00,5,13,13215,2,2,1,3,Petite Ourse (rue de la),43.34147,5.37306,4,Petite Ourse (rue de la),0,2,0,0,1,0,0,1,-1.0,1,5,1,50,155 781 748,A01,3,7,0,2,1,1,1,203 988 566,155 781 749,B01,3,2,1,1,1984.0,4,1,0,-1,-1, -1,-1
202400000006,25,3,2024,04:00,5,13,13215,2,2,1,3,Petite Ourse (rue de la),43.34147,5.37306,4,Petite Ourse (rue de la),0,2,0,0,1,0,0,1,-1.0,1,5,1,50,155 781 748,A01,3,7,0,2,1,1,1,203 988 567,155 781 749,B01,5,2,1,1,2007.0,0,1,0,-1,-1, -1,-1
202400000006,25,3,2024,04:00,5,13,13215,2,2,1,3,Petite Ourse (rue de la),43.34147,5.37306,4,Petite Ourse (rue de la),0,2,0,0,1,0,0,1,-1.0,1,5,1,50,155 781 748,A01,3,7,0,2,1,1,1,203 988 568,155 781 749,B01,1,1,1,1,1987.0,4,1,0,-1,-1, -1,-1
202400000006,25,3,2024,04:00,5,13,13215,2,2,1,3,Petite Ourse (rue de la),43.34147,5.37306,4,Petite Ourse (rue de la),0,2,0,0,1,0,0,1,-1.0,1,5,1,50,155 781 749,B01,2,7,0,2,6,19,1,203 988 563,155 781 748,A01,1,1,4,1,1975.0,1,1,8,-1,-1, -1,-1
202400000006,25,3,2024,04:00,5,13,13215,2,2,1,3,Petite Ourse (rue de la),43.34147,5.37306,4,Petite Ourse (rue de la),0,2,0,0,1,0,0,1,-1.0,1,5,1,50,155 781 749,B01,2,7,0,2,6,19,1,203 988 564,155 781 749,B01,2,2,1,1,1981.0,4,1,0,-1,-1, -1,-1
202400000006,25,3,2024,04:00,5,13,13215,2,2,1,3,Petite Ourse (rue de la),43.34147,5.37306,4,Petite Ourse (rue de la),0,2,0,0,1,0,0,1,-1.0,1,5,1,50,155 781 749,B01,2,7,0,2,6,19,1,203 988 565,155 781 749,B01,4,2,1,1,1983.0,4,1,0,-1,-1, -1,-1
202400000006,25,3,2024,04:00,5,13,13215,2,2,1,3,Petite Ourse (rue de la),43.34147,5.37306,4,Petite Ourse (rue de la),0,2,0,0,1,0,0,1,-1.0,1,5,1,50,155 781 749,B01,2,7,0,2,6,19,1,203 988 566,155 781 749,B01,3,2,1,1,1984.0,4,1,0,-1,-1, -1,-1
202400000006,25,3,2024,04:00,5,13,13215,2,2,1,3,Petite Ourse (rue de la),43.34147,5.37306,4,Petite Ourse (rue de la),0,2,0,0,1,0,0,1,-1.0,1,5,1,50,155 781 749,B01,2,7,0,2,6,19,1,203 988 567,155 781 749,B01,5,2,1,1,2007.0,0,1,0,-1,-1, -1,-1
202400000006,25,3,2024,04:00,5,13,13215,2,2,1,3,Petite Ourse (rue de la),43.34147,5.37306,4,Petite Ourse (rue de la),0,2,0,0,1,0,0,1,-1.0,1,5,1,50,155 781 749,B01,2,7,0,2,6,19,1,203 988 568,155 781 749,B01,1,1,1,1,1987.0,4,1,0,-1,-1, -1,-1
202400000006,25,3,2024,04:00,5,13,13215,2,2,1,3,Petite Ourse (rue de la),43.34147,5.37306,4,Petite Ourse (rue de la),0,2,3,0,2,0,0,1,-1.0,1,5,1,50,155 781 748,A01,3,7,0,2,1,1,1,203 988 563,155 781 748,A01,1,1,4,1,1975.0,1,1,8,-1,-1, -1,-1
202400000006,25,3,2024,04:00,5,13,13215,2,2,1,3,Petite Ourse (rue de la),43.34147,5.37306,4,Petite Ourse (rue de la),0,2,3,0,2,0,0,1,-1.0,1,5,1,50,155 781 748,A01,3,7,0,2,1,1,1,203 988 564,155 781 749,B01,2,2,1,1,1981.0,4,1,0,-1,-1, -1,-1
202400000006,25,3,2024,04:00,5,13,13215,2,2,1,3,Petite Ourse (rue de la),43.34147,5.37306,4,Petite Ourse (rue de la),0,2,3,0,2,0,0,1,-1.0,1,5,1,50,155 781 748,A01,3,7,0,2,1,1,1,203 988 565,155 781 749,B01,4,2,1,1,1983.0,4,1,0,-1,-1, -1,-1
202400000006,25,3,2024,04:00,5,13,13215,2,2,1,3,Petite Ourse (rue de la),43.34147,5.37306,4,Petite Ourse (rue de la),0,2,3,0,2,0,0,1,-1.0,1,5,1,50,155 781 748,A01,3,7,0,2,1,1,1,203 988 566,155 781 749,B01,3,2,1,1,1984.0,4,1,0,-1,-1, -1,-1
202400000006,25,3,2024,04:00,5,13,13215,2,2,1,3,Petite Ourse (rue de la),43.34147,5.37306,4,Petite Ourse (rue de la),0,2,3,0,2,0,0,1,-1.0,1,5,1,50,155 781 748,A01,3,7,0,2,1,1,1,203 988 567,155 781 749,B01,5,2,1,1,2007.0,0,1,0,-1,-1, -1,-1
202400000006,25,3,2024,04:00,5,13,13215,2,2,1,3,Petite Ourse (rue de la),43.34147,5.37306,4,Petite Ourse (rue de la),0,2,3,0,2,0,0,1,-1.0,1,5,1,50,155 781 748,A01,3,7,0,2,1,1,1,203 988 568,155 781 749,B01,1,1,1,1,1987.0,4,1,0,-1,-1, -1,-1
202400000006,25,3,2024,04:00,5,13,13215,2,2,1,3,Petite Ourse (rue de la),43.34147,5.37306,4,Petite Ourse (rue de la),0,2,3,0,2,0,0,1,-1.0,1,5,1,50,155 781 749,B01,2,7,0,2,6,19,1,203 988 563,155 781 748,A01,1,1,4,1,1975.0,1,1,8,-1,-1, -1,-1
202400000006,25,3,2024,04:00,5,13,13215,2,2,1,3,Petite Ourse (rue de la),43.34147,5.37306,4,Petite Ourse (rue de la),0,2,3,0,2,0,0,1,-1.0,1,5,1,50,155 781 749,B01,2,7,0,2,6,19,1,203 988 564,155 781 749,B01,2,2,1,1,1981.0,4,1,0,-1,-1, -1,-1
202400000006,25,3,2024,04:00,5,13,13215,2,2,1,3,Petite Ourse (rue de la),43.34147,5.37306,4,Petite Ourse (rue de la),0,2,3,0,2,0,0,1,-1.0,1,5,1,50,155 781 749,B01,2,7,0,2,6,19,1,203 988 565,155 781 749,B01,4,2,1,1,1983.0,4,1,0,-1,-1, -1,-1
202400000006,25,3,2024,04:00,5,13,13215,2,2,1,3,Petite Ourse (rue de la),43.34147,5.37306,4,Petite Ourse (rue de la),0,2,3,0,2,0,0,1,-1.0,1,5,1,50,155 781 749,B01,2,7,0,2,6,19,1,203 988 566,155 781 749,B01,3,2,1,1,1984.0,4,1,0,-1,-1, -1,-1
202400000006,25,3,2024,04:00,5,13,13215,2,2,1,3,Petite Ourse (rue de la),43.34147,5.37306,4,Petite Ourse (rue de la),0,2,3,0,2,0,0,1,-1.0,1,5,1,50,155 781 749,B01,2,7,0,2,6,19,1,203 988 567,155 781 749,B01,5,2,1,1,2007.0,0,1,0,-1,-1, -1,-1
202400000006,25,3,2024,04:00,5,13,13215,2,2,1,3,Petite Ourse (rue de la),43.34147,5.37306,4,Petite Ourse (rue de la),0,2,3,0,2,0,0,1,-1.0,1,5,1,50,155 781 749,B01,2,7,0,2,6,19,1,203 988 568,155 781 749,B01,1,1,1,1,1987.0,4,1,0,-1,-1, -1,-1
202400000007,24,3,2024,02:45,5,13,13201,2,1,1,3,HUILES (PLACE AUX),43.29253,5.37197,6,HUILES (PLACE AUX),0,2,2,0,1,0,0,2,-1.0,1,9,1,50,155 781 746,A01,2,7,0,2,2,15,1,203 988 558,155 781 746,A01,4,2,3,1,2001.0,5,1,0,-1,-1, -1,-1
202400000007,24,3,2024,02:45,5,13,13201,2,1,1,3,HUILES (PLACE AUX),43.29253,5.37197,6,HUILES (PLACE AUX),0,2,2,0,1,0,0,2,-1.0,1,9,1,50,155 781 746,A01,2,7,0,2,2,15,1,203 988 559,155 781 746,A01,2,2,3,1,2001.0,5,1,0,-1,-1, -1,-1
202400000007,24,3,2024,02:45,5,13,13201,2,1,1,3,HUILES (PLACE AUX),43.29253,5.37197,6,HUILES (PLACE AUX),0,2,2,0,1,0,0,2,-1.0,1,9,1,50,155 781 746,A01,2,7,0,2,2,15,1,203 988 560,155 781 746,A01,3,2,1,1,2003.0,5,1,0,-1,-1, -1,-1
202400000007,24,3,2024,02:45,5,13,13201,2,1,1,3,HUILES (PLACE AUX),43.29253,5.37197,6,HUILES (PLACE AUX),0,2,2,0,1,0,0,2,-1.0,1,9,1,50,155 781 746,A01,2,7,0,2,2,15,1,203 988 561,155 781 746,A01,1,1,1,1,1997.0,5,1,0,-1,-1, -1,-1
202400000007,24,3,2024,02:45,5,13,13201,2,1,1,3,HUILES (PLACE AUX),43.29253,5.37197,6,HUILES (PLACE AUX),0,2,2,0,1,0,0,2,-1.0,1,9,1,50,155 781 746,A01,2,7,0,2,2,15,1,203 988 562,155 781 747,B01,1,1,1,1,1996.0,5,1,0,-1,-1, -1,-1
202400000007,24,3,2024,02:45,5,13,13201,2,1,1,3,HUILES (PLACE AUX),43.29253,5.37197,6,HUILES (PLACE AUX),0,2,2,0,1,0,0,2,-1.0,1,9,1,50,155 781 747,B01,3,7,0,2,3,9,2,203 988 558,155 781 746,A01,4,2,3,1,2001.0,5,1,0,-1,-1, -1,-1
202400000007,24,3,2024,02:45,5,13,13201,2,1,1,3,HUILES (PLACE AUX),43.29253,5.37197,6,HUILES (PLACE AUX),0,2,2,0,1,0,0,2,-1.0,1,9,1,50,155 781 747,B01,3,7,0,2,3,9,2,203 988 559,155 781 746,A01,2,2,3,1,2001.0,5,1,0,-1,-1, -1,-1
202400000007,24,3,2024,02:45,5,13,13201,2,1,1,3,HUILES (PLACE AUX),43.29253,5.37197,6,HUILES (PLACE AUX),0,2,2,0,1,0,0,2,-1.0,1,9,1,50,155 781 747,B01,3,7,0,2,3,9,2,203 988 560,155 781 746,A01,3,2,1,1,2003.0,5,1,0,-1,-1, -1,-1
202400000007,24,3,2024,02:45,5,13,13201,2,1,1,3,HUILES (PLACE AUX),43.29253,5.37197,6,HUILES (PLACE AUX),0,2,2,0,1,0,0,2,-1.0,1,9,1,50,155 781 747,B01,3,7,0,2,3,9,2,203 988 561,155 781 746,A01,1,1,1,1,1997.0,5,1,0,-1,-1, -1,-1
202400000007,24,3,2024,02:45,5,13,13201,2,1,1,3,HUILES (PLACE AUX),43.29253,5.37197,6,HUILES (PLACE AUX),0,2,2,0,1,0,0,2,-1.0,1,9,1,50,155 781 747,B01,3,7,0,2,3,9,2,203 988 562,155 781 747,B01,1,1,1,1,1996.0,5,1,0,-1,-1, -1,-1
202400000008,24,3,2024,14:45,1,07,07281,2,1,1,2,MARCALE (RUE DE),44.94319,4.84435,4,MARCALE (RUE DE),0,2,2,0,1,-1, -1,1,-1.0,1,0,1,50,155 781 742,A01,1,7,0,2,1,2,1,203 988 552,155 781 742,A01,1,1,1,1,1981.0,0,1,0,-1,-1, -1,-1
202400000008,24,3,2024,14:45,1,07,07281,2,1,1,2,MARCALE (RUE DE),44.94319,4.84435,4,MARCALE (RUE DE),0,2,2,0,1,-1, -1,1,-1.0,1,0,1,50,155 781 742,A01,1,7,0,2,1,2,1,203 988 553,155 781 743,B01,1,1,4,1,1959.0,0,1,0,-1,-1, -1,-1
202400000008,24,3,2024,14:45,1,07,07281,2,1,1,2,MARCALE (RUE DE),44.94319,4.84435,4,MARCALE (RUE DE),0,2,2,0,1,-1, -1,1,-1.0,1,0,1,50,155 781 743,B01,1,7,0,2,4,2,1,203 988 552,155 781 742,A01,1,1,1,1,1981.0,0,1,0,-1,-1, -1,-1
202400000008,24,3,2024,14:45,1,07,07281,2,1,1,2,MARCALE (RUE DE),44.94319,4.84435,4,MARCALE (RUE DE),0,2,2,0,1,-1, -1,1,-1.0,1,0,1,50,155 781 743,B01,1,7,0,2,4,2,1,203 988 553,155 781 743,B01,1,1,4,1,1959.0,0,1,0,-1,-1, -1,-1
202400000009,24,3,2024,03:40,3,07,07281,2,1,1,6,TOURTOUSSE (CHEMIN DE),44.92386,4.81623,4,TOURTOUSSE (CHEMIN DE),0,2,1,0,1,-1, -1,2,-1.0,1,0,3,50,155 781 741,A01,1,7,6,5,2,14,1,203 988 547,155 781 741,A01,4,2,4,1,2005.0,5,1,0,-1,-1, -1,-1
202400000009,24,3,2024,03:40,3,07,07281,2,1,1,6,TOURTOUSSE (CHEMIN DE),44.92386,4.81623,4,TOURTOUSSE (CHEMIN DE),0,2,1,0,1,-1, -1,2,-1.0,1,0,3,50,155 781 741,A01,1,7,6,5,2,14,1,203 988 548,155 781 741,A01,3,2,1,2,2006.0,5,1,0,-1,-1, -1,-1
202400000009,24,3,2024,03:40,3,07,07281,2,1,1,6,TOURTOUSSE (CHEMIN DE),44.92386,4.81623,4,TOURTOUSSE (CHEMIN DE),0,2,1,0,1,-1, -1,2,-1.0,1,0,3,50,155 781 741,A01,1,7,6,5,2,14,1,203 988 549,155 781 741,A01,7,2,1,1,2005.0,5,1,0,-1,-1, -1,-1
202400000009,24,3,2024,03:40,3,07,07281,2,1,1,6,TOURTOUSSE (CHEMIN DE),44.92386,4.81623,4,TOURTOUSSE (CHEMIN DE),0,2,1,0,1,-1, -1,2,-1.0,1,0,3,50,155 781 741,A01,1,7,6,5,2,14,1,203 988 550,155 781 741,A01,9,2,1,2,2006.0,5,1,0,-1,-1, -1,-1
202400000009,24,3,2024,03:40,3,07,07281,2,1,1,6,TOURTOUSSE (CHEMIN DE),44.92386,4.81623,4,TOURTOUSSE (CHEMIN DE),0,2,1,0,1,-1, -1,2,-1.0,1,0,3,50,155 781 741,A01,1,7,6,5,2,14,1,203 988 551,155 781 741,A01,1,1,4,1,2005.0,5,1,0,-1,-1, -1,-1
202400000010,25,3,2024,19:50,5,06,06088,2,1,1,7,Avenue Félix Faure,43.699069,7.2761,4,FAURE (AV. FELIX),0,1,2,1,1,0,0,1,-1.0,1,0,5,50,155 781 740,A01,1,33,12,0,8,18,1,203 988 546,155 781 740,A01,1,1,3,1,1979.0,0,2,6,-1,0,0,-1
202400000011,24,3,2024,19:35,2,75,75112,2,1,1,2,BD PERIPHERIQUE EXTERIEUR,48.84046,2.413686,4,PORTE DE VINCENNES,0,1,4,0,1,32,600,1,-1.0,1,0,1,70,155 781 738,B01,2,7,0,2,4,1,1,203 988 539,155 781 738,B01,1,1,1,1,1983.0,5,1,4,-1,-1, -1,-1
202400000011,24,3,2024,19:35,2,75,75112,2,1,1,2,BD PERIPHERIQUE EXTERIEUR,48.84046,2.413686,4,PORTE DE VINCENNES,0,1,4,0,1,32,600,1,-1.0,1,0,1,70,155 781 738,B01,2,7,0,2,4,1,1,203 988 540,155 781 739,A01,1,1,1,1,2003.0,5,1,4,-1,0,0,-1
202400000011,24,3,2024,19:35,2,75,75112,2,1,1,2,BD PERIPHERIQUE EXTERIEUR,48.84046,2.413686,4,PORTE DE VINCENNES,0,1,4,0,1,32,600,1,-1.0,1,0,1,70,155 781 738,B01,2,7,0,2,4,1,1,203 988 541,155 781 739,A01,7,2,1,2,2012.0,5,1,4,-1,0,0,-1
202400000011,24,3,2024,19:35,2,75,75112,2,1,1,2,BD PERIPHERIQUE EXTERIEUR,48.84046,2.413686,4,PORTE DE VINCENNES,0,1,4,0,1,32,600,1,-1.0,1,0,1,70,155 781 738,B01,2,7,0,2,4,1,1,203 988 542,155 781 739,A01,9,2,4,1,2009.0,9,1,4,-1,0,0,-1
202400000011,24,3,2024,19:35,2,75,75112,2,1,1,2,BD PERIPHERIQUE EXTERIEUR,48.84046,2.413686,4,PORTE DE VINCENNES,0,1,4,0,1,32,600,1,-1.0,1,0,1,70,155 781 738,B01,2,7,0,2,4,1,1,203 988 543,155 781 739,A01,8,2,4,2,2014.0,5,1,4,-1,0,0,-1
202400000011,24,3,2024,19:35,2,75,75112,2,1,1,2,BD PERIPHERIQUE EXTERIEUR,48.84046,2.413686,4,PORTE DE VINCENNES,0,1,4,0,1,32,600,1,-1.0,1,0,1,70,155 781 738,B01,2,7,0,2,4,1,1,203 988 544,155 781 739,A01,3,2,4,2,1979.0,5,1,4,-1,0,0,-1
202400000011,24,3,2024,19:35,2,75,75112,2,1,1,2,BD PERIPHERIQUE EXTERIEUR,48.84046,2.413686,4,PORTE DE VINCENNES,0,1,4,0,1,32,600,1,-1.0,1,0,1,70,155 781 738,B01,2,7,0,2,4,1,1,203 988 545,155 781 739,A01,2,2,4,1,1965.0,5,1,4,-1,0,0,-1
202400000011,24,3,2024,19:35,2,75,75112,2,1,1,2,BD PERIPHERIQUE EXTERIEUR,48.84046,2.413686,4,PORTE DE VINCENNES,0,1,4,0,1,32,600,1,-1.0,1,0,1,70,155 781 739,A01,2,7,0,2,1,2,1,203 988 539,155 781 738,B01,1,1,1,1,1983.0,5,1,4,-1,-1, -1,-1
202400000011,24,3,2024,19:35,2,75,75112,2,1,1,2,BD PERIPHERIQUE EXTERIEUR,48.84046,2.413686,4,PORTE DE VINCENNES,0,1,4,0,1,32,600,1,-1.0,1,0,1,70,155 781 739,A01,2,7,0,2,1,2,1,203 988 540,155 781 739,A01,1,1,1,1,2003.0,5,1,4,-1,0,0,-1
202400000011,24,3,2024,19:35,2,75,75112,2,1,1,2,BD PERIPHERIQUE EXTERIEUR,48.84046,2.413686,4,PORTE DE VINCENNES,0,1,4,0,1,32,600,1,-1.0,1,0,1,70,155 781 739,A01,2,7,0,2,1,2,1,203 988 541,155 781 739,A01,7,2,1,2,2012.0,5,1,4,-1,0,0,-1
202400000011,24,3,2024,19:35,2,75,75112,2,1,1,2,BD PERIPHERIQUE EXTERIEUR,48.84046,2.413686,4,PORTE DE VINCENNES,0,1,4,0,1,32,600,1,-1.0,1,0,1,70,155 781 739,A01,2,7,0,2,1,2,1,203 988 542,155 781 739,A01,9,2,4,1,2009.0,9,1,4,-1,0,0,-1
202400000011,24,3,2024,19:35,2,75,75112,2,1,1,2,BD PERIPHERIQUE EXTERIEUR,48.84046,2.413686,4,PORTE DE VINCENNES,0,1,4,0,1,32,600,1,-1.0,1,0,1,70,155 781 739,A01,2,7,0,2,1,2,1,203 988 543,155 781 739,A01,8,2,4,2,2014.0,5,1,4,-1,0,0,-1
202400000011,24,3,2024,19:35,2,75,75112,2,1,1,2,BD PERIPHERIQUE EXTERIEUR,48.84046,2.413686,4,PORTE DE VINCENNES,0,1,4,0,1,32,600,1,-1.0,1,0,1,70,155 781 739,A01,2,7,0,2,1,2,1,203 988 544,155 781 739,A01,3,2,4,2,1979.0,5,1,4,-1,0,0,-1
202400000011,24,3,2024,19:35,2,75,75112,2,1,1,2,BD PERIPHERIQUE EXTERIEUR,48.84046,2.413686,4,PORTE DE VINCENNES,0,1,4,0,1,32,600,1,-1.0,1,0,1,70,155 781 739,A01,2,7,0,2,1,2,1,203 988 545,155 781 739,A01,2,2,4,1,1965.0,5,1,4,-1,0,0,-1
202400000012,24,3,2024,01:20,3,75,75117,2,1,1,7,BD PERIPHERIQUE INTERIEUR,48.895031,2.306589,4,PORTE DE CLICHY,0,1,4,0,1,19,0,1,-1.0,8,0,1,70,155 781 737,A01,1,33,0,0,7,1,1,203 988 538,155 781 737,A01,1,1,4,1,1993.0,4,2,6,-1,-1, -1,-1
202400000013,25,3,2024,17:40,1,75,75119,2,1,1,6,RUE GASTON TESSIER,48.895989,2.374084,4,RUE GASTON TESSIER,0,2,2,0,1,-1, -1,1,-1.0,1,0,1,30,155 781 736,A01,2,2,0,1,2,1,1,203 988 536,155 781 736,A01,1,1,4,1,2010.0,5,2,6,-1,-1, -1,-1
202400000013,25,3,2024,17:40,1,75,75119,2,1,1,6,RUE GASTON TESSIER,48.895989,2.374084,4,RUE GASTON TESSIER,0,2,2,0,1,-1, -1,1,-1.0,1,0,1,30,155 781 736,A01,2,2,0,1,2,1,1,203 988 537,155 781 736,A01,10,3,1,1,2000.0,0,0,-1,-1,3,5,1
202400000014,25,3,2024,15:10,1,75,75119,2,3,1,3,RUE DE CRIMEE,48.887588,2.380353,4,RUE DE CRIMEE,0,-1,2,1,1,-1, -1,1,-1.0,1,0,1,30,155 781 734,Z01,2,1,0,2,2,17,5,203 988 534,155 781 734,Z01,1,1,1,1,2000.0,0,8,0,-1,-1, -1,-1
202400000014,25,3,2024,15:10,1,75,75119,2,3,1,3,RUE DE CRIMEE,48.887588,2.380353,4,RUE DE CRIMEE,0,-1,2,1,1,-1, -1,1,-1.0,1,0,1,30,155 781 734,Z01,2,1,0,2,2,17,5,203 988 535,155 781 735,A01,1,1,4,1,1958.0,5,8,0,-1,-1, -1,-1
202400000014,25,3,2024,15:10,1,75,75119,2,3,1,3,RUE DE CRIMEE,48.887588,2.380353,4,RUE DE CRIMEE,0,-1,2,1,1,-1, -1,1,-1.0,1,0,1,30,155 781 735,A01,2,1,0,2,3,1,5,203 988 534,155 781 734,Z01,1,1,1,1,2000.0,0,8,0,-1,-1, -1,-1
202400000014,25,3,2024,15:10,1,75,75119,2,3,1,3,RUE DE CRIMEE,48.887588,2.380353,4,RUE DE CRIMEE,0,-1,2,1,1,-1, -1,1,-1.0,1,0,1,30,155 781 735,A01,2,1,0,2,3,1,5,203 988 535,155 781 735,A01,1,1,4,1,1958.0,5,8,0,-1,-1, -1,-1
202400000014,25,3,2024,15:10,1,75,75119,2,3,1,3,RUE DE CRIMEE,48.887588,2.380353,4,RUE DE THIONVILLE,0,1,1,0,1,-1, -1,1,-1.0,1,0,8,30,155 781 734,Z01,2,1,0,2,2,17,5,203 988 534,155 781 734,Z01,1,1,1,1,2000.0,0,8,0,-1,-1, -1,-1
202400000014,25,3,2024,15:10,1,75,75119,2,3,1,3,RUE DE CRIMEE,48.887588,2.380353,4,RUE DE THIONVILLE,0,1,1,0,1,-1, -1,1,-1.0,1,0,8,30,155 781 734,Z01,2,1,0,2,2,17,5,203 988 535,155 781 735,A01,1,1,4,1,1958.0,5,8,0,-1,-1, -1,-1
202400000014,25,3,2024,15:10,1,75,75119,2,3,1,3,RUE DE CRIMEE,48.887588,2.380353,4,RUE DE THIONVILLE,0,1,1,0,1,-1, -1,1,-1.0,1,0,8,30,155 781 735,A01,2,1,0,2,3,1,5,203 988 534,155 781 734,Z01,1,1,1,1,2000.0,0,8,0,-1,-1, -1,-1
202400000014,25,3,2024,15:10,1,75,75119,2,3,1,3,RUE DE CRIMEE,48.887588,2.380353,4,RUE DE THIONVILLE,0,1,1,0,1,-1, -1,1,-1.0,1,0,8,30,155 781 735,A01,2,1,0,2,3,1,5,203 988 535,155 781 735,A01,1,1,4,1,1958.0,5,8,0,-1,-1, -1,-1
202400000015,25,3,2024,09:00,1,75,75119,2,3,1,1,QUAI DE LA GIRONDE,48.895772,2.383612,4,inconnu,-1,1,-1,-1,1,-1, -1,1,-1.0,1,0,8,20,155 781 732,A01,3,80,0,2,1,1,3,203 988 532,155 781 732,A01,1,1,4,2,1998.0,2,8,0,-1,-1, -1,-1
202400000015,25,3,2024,09:00,1,75,75119,2,3,1,1,QUAI DE LA GIRONDE,48.895772,2.383612,4,inconnu,-1,1,-1,-1,1,-1, -1,1,-1.0,1,0,8,20,155 781 732,A01,3,80,0,2,1,1,3,203 988 533,155 781 733,B01,1,1,4,2,1988.0,1,2,0,-1,-1, -1,-1
202400000015,25,3,2024,09:00,1,75,75119,2,3,1,1,QUAI DE LA GIRONDE,48.895772,2.383612,4,inconnu,-1,1,-1,-1,1,-1, -1,1,-1.0,1,0,8,20,155 781 733,B01,1,80,0,2,1,1,3,203 988 532,155 781 732,A01,1,1,4,2,1998.0,2,8,0,-1,-1, -1,-1
202400000015,25,3,2024,09:00,1,75,75119,2,3,1,1,QUAI DE LA GIRONDE,48.895772,2.383612,4,inconnu,-1,1,-1,-1,1,-1, -1,1,-1.0,1,0,8,20,155 781 733,B01,1,80,0,2,1,1,3,203 988 533,155 781 733,B01,1,1,4,2,1988.0,1,2,0,-1,-1, -1,-1
202400000015,25,3,2024,09:00,1,75,75119,2,3,1,1,QUAI DE LA GIRONDE,48.895772,2.383612,4,QUAI DE LA GIRONDE,0,2,2,3,2,-1, -1,1,-1.0,1,6,8,20,155 781 732,A01,3,80,0,2,1,1,3,203 988 532,155 781 732,A01,1,1,4,2,1998.0,2,8,0,-1,-1, -1,-1
202400000015,25,3,2024,09:00,1,75,75119,2,3,1,1,QUAI DE LA GIRONDE,48.895772,2.383612,4,QUAI DE LA GIRONDE,0,2,2,3,2,-1, -1,1,-1.0,1,6,8,20,155 781 732,A01,3,80,0,2,1,1,3,203 988 533,155 781 733,B01,1,1,4,2,1988.0,1,2,0,-1,-1, -1,-1
202400000015,25,3,2024,09:00,1,75,75119,2,3,1,1,QUAI DE LA GIRONDE,48.895772,2.383612,4,QUAI DE LA GIRONDE,0,2,2,3,2,-1, -1,1,-1.0,1,6,8,20,155 781 733,B01,1,80,0,2,1,1,3,203 988 532,155 781 732,A01,1,1,4,2,1998.0,2,8,0,-1,-1, -1,-1
202400000015,25,3,2024,09:00,1,75,75119,2,3,1,1,QUAI DE LA GIRONDE,48.895772,2.383612,4,QUAI DE LA GIRONDE,0,2,2,3,2,-1, -1,1,-1.0,1,6,8,20,155 781 733,B01,1,80,0,2,1,1,3,203 988 533,155 781 733,B01,1,1,4,2,1988.0,1,2,0,-1,-1, -1,-1
202400000016,25,3,2024,13:40,1,75,75118,2,2,1,3,BOULEVARD BARBES,48.8894654,2.34958917,4,BOULEVARD BARBES,0,1,2,2,2,-1, -1,1,-1.0,1,0,5,30,155 781 730,B01,2,50,1,0,2,22,3,203 988 529,155 781 730,B01,1,1,4,1,1968.0,1,8,0,-1,-1, -1,-1
202400000016,25,3,2024,13:40,1,75,75118,2,2,1,3,BOULEVARD BARBES,48.8894654,2.34958917,4,BOULEVARD BARBES,0,1,2,2,2,-1, -1,1,-1.0,1,0,5,30,155 781 730,B01,2,50,1,0,2,22,3,203 988 530,155 781 731,A01,1,1,1,1,1976.0,4,8,0,-1,-1, -1,-1
202400000016,25,3,2024,13:40,1,75,75118,2,2,1,3,BOULEVARD BARBES,48.8894654,2.34958917,4,BOULEVARD BARBES,0,1,2,2,2,-1, -1,1,-1.0,1,0,5,30,155 781 730,B01,2,50,1,0,2,22,3,203 988 531,155 781 731,A01,2,2,1,1,1970.0,9,1,0,-1,-1, -1,-1
202400000016,25,3,2024,13:40,1,75,75118,2,2,1,3,BOULEVARD BARBES,48.8894654,2.34958917,4,BOULEVARD BARBES,0,1,2,2,2,-1, -1,1,-1.0,1,0,5,30,155 781 731,A01,3,10,1,2,2,22,1,203 988 529,155 781 730,B01,1,1,4,1,1968.0,1,8,0,-1,-1, -1,-1
202400000016,25,3,2024,13:40,1,75,75118,2,2,1,3,BOULEVARD BARBES,48.8894654,2.34958917,4,BOULEVARD BARBES,0,1,2,2,2,-1, -1,1,-1.0,1,0,5,30,155 781 731,A01,3,10,1,2,2,22,1,203 988 530,155 781 731,A01,1,1,1,1,1976.0,4,8,0,-1,-1, -1,-1
202400000016,25,3,2024,13:40,1,75,75118,2,2,1,3,BOULEVARD BARBES,48.8894654,2.34958917,4,BOULEVARD BARBES,0,1,2,2,2,-1, -1,1,-1.0,1,0,5,30,155 781 731,A01,3,10,1,2,2,22,1,203 988 531,155 781 731,A01,2,2,1,1,1970.0,9,1,0,-1,-1, -1,-1
202400000016,25,3,2024,13:40,1,75,75118,2,2,1,3,BOULEVARD BARBES,48.8894654,2.34958917,4,inconnu,-1,1,-1,-1,1,-1, -1,1,-1.0,1,0,1,30,155 781 730,B01,2,50,1,0,2,22,3,203 988 529,155 781 730,B01,1,1,4,1,1968.0,1,8,0,-1,-1, -1,-1
202400000016,25,3,2024,13:40,1,75,75118,2,2,1,3,BOULEVARD BARBES,48.8894654,2.34958917,4,inconnu,-1,1,-1,-1,1,-1, -1,1,-1.0,1,0,1,30,155 781 730,B01,2,50,1,0,2,22,3,203 988 530,155 781 731,A01,1,1,1,1,1976.0,4,8,0,-1,-1, -1,-1
202400000016,25,3,2024,13:40,1,75,75118,2,2,1,3,BOULEVARD BARBES,48.8894654,2.34958917,4,inconnu,-1,1,-1,-1,1,-1, -1,1,-1.0,1,0,1,30,155 781 730,B01,2,50,1,0,2,22,3,203 988 531,155 781 731,A01,2,2,1,1,1970.0,9,1,0,-1,-1, -1,-1
202400000016,25,3,2024,13:40,1,75,75118,2,2,1,3,BOULEVARD BARBES,48.8894654,2.34958917,4,inconnu,-1,1,-1,-1,1,-1, -1,1,-1.0,1,0,1,30,155 781 731,A01,3,10,1,2,2,22,1,203 988 529,155 781 730,B01,1,1,4,1,1968.0,1,8,0,-1,-1, -1,-1
202400000016,25,3,2024,13:40,1,75,75118,2,2,1,3,BOULEVARD BARBES,48.8894654,2.34958917,4,inconnu,-1,1,-1,-1,1,-1, -1,1,-1.0,1,0,1,30,155 781 731,A01,3,10,1,2,2,22,1,203 988 530,155 781 731,A01,1,1,1,1,1976.0,4,8,0,-1,-1, -1,-1
202400000016,25,3,2024,13:40,1,75,75118,2,2,1,3,BOULEVARD BARBES,48.8894654,2.34958917,4,inconnu,-1,1,-1,-1,1,-1, -1,1,-1.0,1,0,1,30,155 781 731,A01,3,10,1,2,2,22,1,203 988 531,155 781 731,A01,2,2,1,1,1970.0,9,1,0,-1,-1, -1,-1
202400000017,25,3,2024,09:00,1,75,75117,2,3,1,6,RUE GUILLAUME TELL,48.884462,2.294478,4,inconnu,-1,1,-1,-1,1,-1, -1,1,-1.0,1,0,1,30,155 781 729,A01,1,7,0,1,4,26,1,203 988 527,155 781 729,A01,10,3,4,2,1981.0,3,0,-1,-1,3,3,1
202400000017,25,3,2024,09:00,1,75,75117,2,3,1,6,RUE GUILLAUME TELL,48.884462,2.294478,4,inconnu,-1,1,-1,-1,1,-1, -1,1,-1.0,1,0,1,30,155 781 729,A01,1,7,0,1,4,26,1,203 988 528,155 781 729,A01,1,1,1,1,1982.0,5,8,0,-1,3,3,1
202400000017,25,3,2024,09:00,1,75,75117,2,3,1,6,RUE GUILLAUME TELL,48.884462,2.294478,4,RUE GUILLAUME TELL,0,1,1,0,1,-1, -1,1,-1.0,1,0,1,30,155 781 729,A01,1,7,0,1,4,26,1,203 988 527,155 781 729,A01,10,3,4,2,1981.0,3,0,-1,-1,3,3,1
202400000017,25,3,2024,09:00,1,75,75117,2,3,1,6,RUE GUILLAUME TELL,48.884462,2.294478,4,RUE GUILLAUME TELL,0,1,1,0,1,-1, -1,1,-1.0,1,0,1,30,155 781 729,A01,1,7,0,1,4,26,1,203 988 528,155 781 729,A01,1,1,1,1,1982.0,5,8,0,-1,3,3,1
202400000018,25,3,2024,09:25,1,75,75115,2,1,1,3,BOULEVARD VICTOR,48.836521,2.276649,4,BOULEVARD VICTOR,0,1,2,1,1,-1, -1,1,-1.0,1,0,1,50,155 781 727,A01,2,7,0,2,3,9,1,203 988 525,155 781 727,A01,1,1,1,1,1999.0,1,8,0,-1,-1, -1,-1
202400000018,25,3,2024,09:25,1,75,75115,2,1,1,3,BOULEVARD VICTOR,48.836521,2.276649,4,BOULEVARD VICTOR,0,1,2,1,1,-1, -1,1,-1.0,1,0,1,50,155 781 727,A01,2,7,0,2,3,9,1,203 988 526,155 781 728,B01,1,1,4,2,1982.0,1,8,0,-1,-1, -1,-1
202400000018,25,3,2024,09:25,1,75,75115,2,1,1,3,BOULEVARD VICTOR,48.836521,2.276649,4,BOULEVARD VICTOR,0,1,2,1,1,-1, -1,1,-1.0,1,0,1,50,155 781 728,B01,2,1,0,2,7,1,5,203 988 525,155 781 727,A01,1,1,1,1,1999.0,1,8,0,-1,-1, -1,-1
202400000018,25,3,2024,09:25,1,75,75115,2,1,1,3,BOULEVARD VICTOR,48.836521,2.276649,4,BOULEVARD VICTOR,0,1,2,1,1,-1, -1,1,-1.0,1,0,1,50,155 781 728,B01,2,1,0,2,7,1,5,203 988 526,155 781 728,B01,1,1,4,2,1982.0,1,8,0,-1,-1, -1,-1
202400000019,24,3,2024,13:45,1,75,75102,2,2,1,6,RUE REAUMUR,48.866538,2.351145,4,RUE REAUMUR,0,1,3,0,1,-1, -1,1,-1.0,2,0,1,30,155 781 726,A01,2,7,0,1,1,16,2,203 988 523,155 781 726,A01,10,3,4,1,1983.0,5,0,-1,-1,2,3,1
202400000019,24,3,2024,13:45,1,75,75102,2,2,1,6,RUE REAUMUR,48.866538,2.351145,4,RUE REAUMUR,0,1,3,0,1,-1, -1,1,-1.0,2,0,1,30,155 781 726,A01,2,7,0,1,1,16,2,203 988 524,155 781 726,A01,1,1,1,1,2002.0,5,1,0,-1,-1, -1,-1
202400000019,24,3,2024,13:45,1,75,75102,2,2,1,6,RUE REAUMUR,48.866538,2.351145,4,RUE SAINT DENIS,0,1,1,0,1,-1, -1,1,-1.0,2,0,1,30,155 781 726,A01,2,7,0,1,1,16,2,203 988 523,155 781 726,A01,10,3,4,1,1983.0,5,0,-1,-1,2,3,1
202400000019,24,3,2024,13:45,1,75,75102,2,2,1,6,RUE REAUMUR,48.866538,2.351145,4,RUE SAINT DENIS,0,1,1,0,1,-1, -1,1,-1.0,2,0,1,30,155 781 726,A01,2,7,0,1,1,16,2,203 988 524,155 781 726,A01,1,1,1,1,2002.0,5,1,0,-1,-1, -1,-1
202400000020,25,3,2024,20:00,5,94,94003,2,1,1,1,Avenue Paul Doumer,48.80667297,2.33685409,3,161,0,2,2,0,2,0,1,1,7.0,1,0,1,50,155 781 724,A01,0,2,0,2,1,17,1,203 988 521,155 781 724,A01,1,1,4,1,1993.0,5,2,6,-1,-1, -1,-1
202400000020,25,3,2024,20:00,5,94,94003,2,1,1,1,Avenue Paul Doumer,48.80667297,2.33685409,3,161,0,2,2,0,2,0,1,1,7.0,1,0,1,50,155 781 724,A01,0,2,0,2,1,17,1,203 988 522,155 781 725,B01,1,1,4,1,1996.0,0,2,6,-1,-1, -1,-1
202400000020,25,3,2024,20:00,5,94,94003,2,1,1,1,Avenue Paul Doumer,48.80667297,2.33685409,3,161,0,2,2,0,2,0,1,1,7.0,1,0,1,50,155 781 725,B01,0,33,0,2,1,1,1,203 988 521,155 781 724,A01,1,1,4,1,1993.0,5,2,6,-1,-1, -1,-1
202400000020,25,3,2024,20:00,5,94,94003,2,1,1,1,Avenue Paul Doumer,48.80667297,2.33685409,3,161,0,2,2,0,2,0,1,1,7.0,1,0,1,50,155 781 725,B01,0,33,0,2,1,1,1,203 988 522,155 781 725,B01,1,1,4,1,1996.0,0,2,6,-1,-1, -1,-1
202400000021,25,3,2024,15:37,1,94,94022,2,2,1,6, Avenue Gambetta / Boulevard des Alliés,48.764218,2.405267,3,inconnu,-1,3,4,3,1,-1, -1,1,-1.0,1,-1,6,-1,155 781 723,A01,0,50,0,1,1,26,3,203 988 519,155 781 723,A01,1,1,1,1,2002.0,0,8,0,-1,-1, -1,-1
202400000021,25,3,2024,15:37,1,94,94022,2,2,1,6, Avenue Gambetta / Boulevard des Alliés,48.764218,2.405267,3,inconnu,-1,3,4,3,1,-1, -1,1,-1.0,1,-1,6,-1,155 781 723,A01,0,50,0,1,1,26,3,203 988 520,155 781 723,A01,10,3,4,1,1948.0,1,0,0,0,4,3,1
202400000021,25,3,2024,15:37,1,94,94022,2,2,1,6, Avenue Gambetta / Boulevard des Alliés,48.764218,2.405267,3,inconnu,0,3,4,3,1,0,1,1,-1.0,1,-1,6,50,155 781 723,A01,0,50,0,1,1,26,3,203 988 519,155 781 723,A01,1,1,1,1,2002.0,0,8,0,-1,-1, -1,-1
202400000021,25,3,2024,15:37,1,94,94022,2,2,1,6, Avenue Gambetta / Boulevard des Alliés,48.764218,2.405267,3,inconnu,0,3,4,3,1,0,1,1,-1.0,1,-1,6,50,155 781 723,A01,0,50,0,1,1,26,3,203 988 520,155 781 723,A01,10,3,4,1,1948.0,1,0,0,0,4,3,1
202400000022,19,9,2024,16:30,1,51,51525,1,1,1,6,SOGNY (RTE DE),48.917254,4.398009,3,SOGNY (RTE DE),0,2,2,0,1,1,720,1,-1.0,1,0,1,80,155 781 722,A01,1,7,2,0,1,1,1,203 988 518,155 781 722,A01,1,1,4,1,1946.0,5,1,0,-1,-1, -1,-1
202400000023,18,9,2024,18:30,1,51,51108,2,2,1,3,MELETTE (CHEM DE),48.969184,4.382671,4,CAMP D' ATTILA (RUE DU),0,2,2,0,1,-1, -1,1,-1.0,1,0,1,50,155 781 720,A01,0,7,0,2,0,0,0,203 988 514,155 781 720,A01,4,2,4,2,1991.0,1,1,0,-1,-1, -1,-1
202400000023,18,9,2024,18:30,1,51,51108,2,2,1,3,MELETTE (CHEM DE),48.969184,4.382671,4,CAMP D' ATTILA (RUE DU),0,2,2,0,1,-1, -1,1,-1.0,1,0,1,50,155 781 720,A01,0,7,0,2,0,0,0,203 988 515,155 781 720,A01,2,2,4,1,1990.0,0,1,0,-1,-1, -1,-1
202400000023,18,9,2024,18:30,1,51,51108,2,2,1,3,MELETTE (CHEM DE),48.969184,4.382671,4,CAMP D' ATTILA (RUE DU),0,2,2,0,1,-1, -1,1,-1.0,1,0,1,50,155 781 720,A01,0,7,0,2,0,0,0,203 988 516,155 781 720,A01,1,1,1,1,2002.0,1,1,0,-1,-1, -1,-1
202400000023,18,9,2024,18:30,1,51,51108,2,2,1,3,MELETTE (CHEM DE),48.969184,4.382671,4,CAMP D' ATTILA (RUE DU),0,2,2,0,1,-1, -1,1,-1.0,1,0,1,50,155 781 720,A01,0,7,0,2,0,0,0,203 988 517,155 781 721,B01,1,1,1,2,1987.0,3,1,0,-1,-1, -1,-1
202400000023,18,9,2024,18:30,1,51,51108,2,2,1,3,MELETTE (CHEM DE),48.969184,4.382671,4,CAMP D' ATTILA (RUE DU),0,2,2,0,1,-1, -1,1,-1.0,1,0,1,50,155 781 721,B01,1,7,0,2,3,1,1,203 988 514,155 781 720,A01,4,2,4,2,1991.0,1,1,0,-1,-1, -1,-1
202400000023,18,9,2024,18:30,1,51,51108,2,2,1,3,MELETTE (CHEM DE),48.969184,4.382671,4,CAMP D' ATTILA (RUE DU),0,2,2,0,1,-1, -1,1,-1.0,1,0,1,50,155 781 721,B01,1,7,0,2,3,1,1,203 988 515,155 781 720,A01,2,2,4,1,1990.0,0,1,0,-1,-1, -1,-1
202400000023,18,9,2024,18:30,1,51,51108,2,2,1,3,MELETTE (CHEM DE),48.969184,4.382671,4,CAMP D' ATTILA (RUE DU),0,2,2,0,1,-1, -1,1,-1.0,1,0,1,50,155 781 721,B01,1,7,0,2,3,1,1,203 988 516,155 781 720,A01,1,1,1,1,2002.0,1,1,0,-1,-1, -1,-1
202400000023,18,9,2024,18:30,1,51,51108,2,2,1,3,MELETTE (CHEM DE),48.969184,4.382671,4,CAMP D' ATTILA (RUE DU),0,2,2,0,1,-1, -1,1,-1.0,1,0,1,50,155 781 721,B01,1,7,0,2,3,1,1,203 988 517,155 781 721,B01,1,1,1,2,1987.0,3,1,0,-1,-1, -1,-1
202400000023,18,9,2024,18:30,1,51,51108,2,2,1,3,MELETTE (CHEM DE),48.969184,4.382671,4,MELETTE (CHEM DE),0,1,-1,3,2,-1, -1,2,-1.0,1,0,1,30,155 781 720,A01,0,7,0,2,0,0,0,203 988 514,155 781 720,A01,4,2,4,2,1991.0,1,1,0,-1,-1, -1,-1
202400000023,18,9,2024,18:30,1,51,51108,2,2,1,3,MELETTE (CHEM DE),48.969184,4.382671,4,MELETTE (CHEM DE),0,1,-1,3,2,-1, -1,2,-1.0,1,0,1,30,155 781 720,A01,0,7,0,2,0,0,0,203 988 515,155 781 720,A01,2,2,4,1,1990.0,0,1,0,-1,-1, -1,-1
202400000023,18,9,2024,18:30,1,51,51108,2,2,1,3,MELETTE (CHEM DE),48.969184,4.382671,4,MELETTE (CHEM DE),0,1,-1,3,2,-1, -1,2,-1.0,1,0,1,30,155 781 720,A01,0,7,0,2,0,0,0,203 988 516,155 781 720,A01,1,1,1,1,2002.0,1,1,0,-1,-1, -1,-1
202400000023,18,9,2024,18:30,1,51,51108,2,2,1,3,MELETTE (CHEM DE),48.969184,4.382671,4,MELETTE (CHEM DE),0,1,-1,3,2,-1, -1,2,-1.0,1,0,1,30,155 781 720,A01,0,7,0,2,0,0,0,203 988 517,155 781 721,B01,1,1,1,2,1987.0,3,1,0,-1,-1, -1,-1
202400000023,18,9,2024,18:30,1,51,51108,2,2,1,3,MELETTE (CHEM DE),48.969184,4.382671,4,MELETTE (CHEM DE),0,1,-1,3,2,-1, -1,2,-1.0,1,0,1,30,155 781 721,B01,1,7,0,2,3,1,1,203 988 514,155 781 720,A01,4,2,4,2,1991.0,1,1,0,-1,-1, -1,-1
202400000023,18,9,2024,18:30,1,51,51108,2,2,1,3,MELETTE (CHEM DE),48.969184,4.382671,4,MELETTE (CHEM DE),0,1,-1,3,2,-1, -1,2,-1.0,1,0,1,30,155 781 721,B01,1,7,0,2,3,1,1,203 988 515,155 781 720,A01,2,2,4,1,1990.0,0,1,0,-1,-1, -1,-1
202400000023,18,9,2024,18:30,1,51,51108,2,2,1,3,MELETTE (CHEM DE),48.969184,4.382671,4,MELETTE (CHEM DE),0,1,-1,3,2,-1, -1,2,-1.0,1,0,1,30,155 781 721,B01,1,7,0,2,3,1,1,203 988 516,155 781 720,A01,1,1,1,1,2002.0,1,1,0,-1,-1, -1,-1
202400000023,18,9,2024,18:30,1,51,51108,2,2,1,3,MELETTE (CHEM DE),48.969184,4.382671,4,MELETTE (CHEM DE),0,1,-1,3,2,-1, -1,2,-1.0,1,0,1,30,155 781 721,B01,1,7,0,2,3,1,1,203 988 517,155 781 721,B01,1,1,1,2,1987.0,3,1,0,-1,-1, -1,-1
202400000024,19,9,2024,22:42,3,47,47001,2,1,1,6,CALABET (QUAI DU DOCTEUR),44.20886,0.6133,4,CALABET (QUAI DU DOCTEUR),0,2,2,0,2,0,0,1,-1.0,1,0,4,50,155 781 719,A01,3,2,8,0,1,14,1,203 988 513,155 781 719,A01,1,1,3,1,1989.0,0,2,6,-1,0,0,-1
202400000025,19,9,2024,18:30,1,45,45285,2,1,1,4,D520 PR 3 + 866,47.91537,1.86973,3,RN 60,0,3,4,0,1,3,866,1,4.0,1,0,1,70,155 781 715,D01,1,7,0,2,1,2,0,203 988 508,155 781 715,D01,1,1,4,1,1999.0,0,1,0,-1,0,0,-1
202400000025,19,9,2024,18:30,1,45,45285,2,1,1,4,D520 PR 3 + 866,47.91537,1.86973,3,RN 60,0,3,4,0,1,3,866,1,4.0,1,0,1,70,155 781 715,D01,1,7,0,2,1,2,0,203 988 509,155 781 716,A01,1,1,1,1,1995.0,1,1,0,-1,0,0,-1
202400000025,19,9,2024,18:30,1,45,45285,2,1,1,4,D520 PR 3 + 866,47.91537,1.86973,3,RN 60,0,3,4,0,1,3,866,1,4.0,1,0,1,70,155 781 715,D01,1,7,0,2,1,2,0,203 988 510,155 781 717,B01,1,1,4,2,1988.0,0,1,0,-1,0,0,-1
202400000025,19,9,2024,18:30,1,45,45285,2,1,1,4,D520 PR 3 + 866,47.91537,1.86973,3,RN 60,0,3,4,0,1,3,866,1,4.0,1,0,1,70,155 781 715,D01,1,7,0,2,1,2,0,203 988 511,155 781 718,C01,2,2,1,1,2009.0,0,1,0,-1,0,0,-1
202400000025,19,9,2024,18:30,1,45,45285,2,1,1,4,D520 PR 3 + 866,47.91537,1.86973,3,RN 60,0,3,4,0,1,3,866,1,4.0,1,0,1,70,155 781 715,D01,1,7,0,2,1,2,0,203 988 512,155 781 718,C01,1,1,4,1,2002.0,0,1,0,-1,0,0,-1
202400000025,19,9,2024,18:30,1,45,45285,2,1,1,4,D520 PR 3 + 866,47.91537,1.86973,3,RN 60,0,3,4,0,1,3,866,1,4.0,1,0,1,70,155 781 716,A01,1,7,0,2,4,2,1,203 988 508,155 781 715,D01,1,1,4,1,1999.0,0,1,0,-1,0,0,-1
202400000025,19,9,2024,18:30,1,45,45285,2,1,1,4,D520 PR 3 + 866,47.91537,1.86973,3,RN 60,0,3,4,0,1,3,866,1,4.0,1,0,1,70,155 781 716,A01,1,7,0,2,4,2,1,203 988 509,155 781 716,A01,1,1,1,1,1995.0,1,1,0,-1,0,0,-1
202400000025,19,9,2024,18:30,1,45,45285,2,1,1,4,D520 PR 3 + 866,47.91537,1.86973,3,RN 60,0,3,4,0,1,3,866,1,4.0,1,0,1,70,155 781 716,A01,1,7,0,2,4,2,1,203 988 510,155 781 717,B01,1,1,4,2,1988.0,0,1,0,-1,0,0,-1
202400000025,19,9,2024,18:30,1,45,45285,2,1,1,4,D520 PR 3 + 866,47.91537,1.86973,3,RN 60,0,3,4,0,1,3,866,1,4.0,1,0,1,70,155 781 716,A01,1,7,0,2,4,2,1,203 988 511,155 781 718,C01,2,2,1,1,2009.0,0,1,0,-1,0,0,-1
202400000025,19,9,2024,18:30,1,45,45285,2,1,1,4,D520 PR 3 + 866,47.91537,1.86973,3,RN 60,0,3,4,0,1,3,866,1,4.0,1,0,1,70,155 781 716,A01,1,7,0,2,4,2,1,203 988 512,155 781 718,C01,1,1,4,1,2002.0,0,1,0,-1,0,0,-1
202400000025,19,9,2024,18:30,1,45,45285,2,1,1,4,D520 PR 3 + 866,47.91537,1.86973,3,RN 60,0,3,4,0,1,3,866,1,4.0,1,0,1,70,155 781 717,B01,1,7,0,2,1,2,0,203 988 508,155 781 715,D01,1,1,4,1,1999.0,0,1,0,-1,0,0,-1
202400000025,19,9,2024,18:30,1,45,45285,2,1,1,4,D520 PR 3 + 866,47.91537,1.86973,3,RN 60,0,3,4,0,1,3,866,1,4.0,1,0,1,70,155 781 717,B01,1,7,0,2,1,2,0,203 988 509,155 781 716,A01,1,1,1,1,1995.0,1,1,0,-1,0,0,-1
202400000025,19,9,2024,18:30,1,45,45285,2,1,1,4,D520 PR 3 + 866,47.91537,1.86973,3,RN 60,0,3,4,0,1,3,866,1,4.0,1,0,1,70,155 781 717,B01,1,7,0,2,1,2,0,203 988 510,155 781 717,B01,1,1,4,2,1988.0,0,1,0,-1,0,0,-1
202400000025,19,9,2024,18:30,1,45,45285,2,1,1,4,D520 PR 3 + 866,47.91537,1.86973,3,RN 60,0,3,4,0,1,3,866,1,4.0,1,0,1,70,155 781 717,B01,1,7,0,2,1,2,0,203 988 511,155 781 718,C01,2,2,1,1,2009.0,0,1,0,-1,0,0,-1
202400000025,19,9,2024,18:30,1,45,45285,2,1,1,4,D520 PR 3 + 866,47.91537,1.86973,3,RN 60,0,3,4,0,1,3,866,1,4.0,1,0,1,70,155 781 717,B01,1,7,0,2,1,2,0,203 988 512,155 781 718,C01,1,1,4,1,2002.0,0,1,0,-1,0,0,-1
202400000025,19,9,2024,18:30,1,45,45285,2,1,1,4,D520 PR 3 + 866,47.91537,1.86973,3,RN 60,0,3,4,0,1,3,866,1,4.0,1,0,1,70,155 781 718,C01,1,7,0,2,1,2,1,203 988 508,155 781 715,D01,1,1,4,1,1999.0,0,1,0,-1,0,0,-1
202400000025,19,9,2024,18:30,1,45,45285,2,1,1,4,D520 PR 3 + 866,47.91537,1.86973,3,RN 60,0,3,4,0,1,3,866,1,4.0,1,0,1,70,155 781 718,C01,1,7,0,2,1,2,1,203 988 509,155 781 716,A01,1,1,1,1,1995.0,1,1,0,-1,0,0,-1
202400000025,19,9,2024,18:30,1,45,45285,2,1,1,4,D520 PR 3 + 866,47.91537,1.86973,3,RN 60,0,3,4,0,1,3,866,1,4.0,1,0,1,70,155 781 718,C01,1,7,0,2,1,2,1,203 988 510,155 781 717,B01,1,1,4,2,1988.0,0,1,0,-1,0,0,-1
202400000025,19,9,2024,18:30,1,45,45285,2,1,1,4,D520 PR 3 + 866,47.91537,1.86973,3,RN 60,0,3,4,0,1,3,866,1,4.0,1,0,1,70,155 781 718,C01,1,7,0,2,1,2,1,203 988 511,155 781 718,C01,2,2,1,1,2009.0,0,1,0,-1,0,0,-1
202400000025,19,9,2024,18:30,1,45,45285,2,1,1,4,D520 PR 3 + 866,47.91537,1.86973,3,RN 60,0,3,4,0,1,3,866,1,4.0,1,0,1,70,155 781 718,C01,1,7,0,2,1,2,1,203 988 512,155 781 718,C01,1,1,4,1,2002.0,0,1,0,-1,0,0,-1
202400000026,19,9,2024,17:13,1,45,45234,2,1,1,6,22b Quai du Châtelet,47.89795,1.9114,4,CHATELET (QUAI DU),0,2,2,1,1,-1, -1,1,-1.0,1,0,6,25,155 781 714,A01,3,50,0,1,1,1,3,203 988 506,155 781 714,A01,1,1,1,1,1995.0,1,8,0,-1,5,3,1
202400000026,19,9,2024,17:13,1,45,45234,2,1,1,6,22b Quai du Châtelet,47.89795,1.9114,4,CHATELET (QUAI DU),0,2,2,1,1,-1, -1,1,-1.0,1,0,6,25,155 781 714,A01,3,50,0,1,1,1,3,203 988 507,155 781 714,A01,10,3,4,2,2004.0,2,0,-1,-1,5,3,1
202400000027,19,9,2024,15:30,1,44,44109,2,1,1,6,166 Boulevard des Anglais,47.22275,-1.58511,4,BOULEVARD DES ANGLAIS,0,2,2,0,2,-1, -1,3,-1.0,1,0,1,50,155 781 713,A01,1,1,0,1,7,12,5,203 988 504,155 781 713,A01,1,1,4,1,2006.0,5,8,-1,-1,0,0,-1
202400000027,19,9,2024,15:30,1,44,44109,2,1,1,6,166 Boulevard des Anglais,47.22275,-1.58511,4,BOULEVARD DES ANGLAIS,0,2,2,0,2,-1, -1,3,-1.0,1,0,1,50,155 781 713,A01,1,1,0,1,7,12,5,203 988 505,155 781 713,A01,10,3,3,2,1949.0,0,0,-1,-1,3,3,1
202400000028,19,9,2024,09:30,1,44,44162,2,1,7,6,9 Rue de l'Hôtel de Ville,47.21121988,-1.64943399,4,RUE DE L'HOTEL DE VILLE,0,2,2,0,1,-1, -1,1,-1.0,1,9,1,30,155 781 712,A01,1,7,0,1,1,0,1,203 988 501,155 781 712,A01,10,3,4,2,2023.0,0,0,-1,-1,3,3,2
202400000028,19,9,2024,09:30,1,44,44162,2,1,7,6,9 Rue de l'Hôtel de Ville,47.21121988,-1.64943399,4,RUE DE L'HOTEL DE VILLE,0,2,2,0,1,-1, -1,1,-1.0,1,9,1,30,155 781 712,A01,1,7,0,1,1,0,1,203 988 502,155 781 712,A01,10,3,4,2,1991.0,0,0,-1,-1,3,3,2
202400000028,19,9,2024,09:30,1,44,44162,2,1,7,6,9 Rue de l'Hôtel de Ville,47.21121988,-1.64943399,4,RUE DE L'HOTEL DE VILLE,0,2,2,0,1,-1, -1,1,-1.0,1,9,1,30,155 781 712,A01,1,7,0,1,1,0,1,203 988 503,155 781 712,A01,1,1,1,1,1992.0,1,1,-1,-1,0,0,-1
202400000029,19,9,2024,16:20,1,42,42330,2,3,1,6,Rue Kléber,45.46448,4.36911,4,AMICALISTES,0,1,-1,0,4,-1, -1,1,-1.0,1,0,1,50,155 781 708,A01,2,10,0,1,8,15,1,203 988 495,155 781 708,A01,1,1,1,1,1996.0,4,1,8,-1,-1, -1,-1
202400000029,19,9,2024,16:20,1,42,42330,2,3,1,6,Rue Kléber,45.46448,4.36911,4,AMICALISTES,0,1,-1,0,4,-1, -1,1,-1.0,1,0,1,50,155 781 708,A01,2,10,0,1,8,15,1,203 988 496,155 781 708,A01,10,3,3,2,1939.0,5,0,-1,-1,2,3,1
202400000029,19,9,2024,16:20,1,42,42330,2,3,1,6,Rue Kléber,45.46448,4.36911,4,KLEBER,0,2,2,0,1,-1, -1,1,-1.0,1,0,1,50,155 781 708,A01,2,10,0,1,8,15,1,203 988 495,155 781 708,A01,1,1,1,1,1996.0,4,1,8,-1,-1, -1,-1
202400000029,19,9,2024,16:20,1,42,42330,2,3,1,6,Rue Kléber,45.46448,4.36911,4,KLEBER,0,2,2,0,1,-1, -1,1,-1.0,1,0,1,50,155 781 708,A01,2,10,0,1,8,15,1,203 988 496,155 781 708,A01,10,3,3,2,1939.0,5,0,-1,-1,2,3,1
202400000030,18,9,2024,08:55,1,37,37261,2,2,1,3,MARCEAU (RUE),47.39355,0.68501,4,HALLES (RUE DES),0,2,2,0,1,-1, -1,1,-1.0,1,0,1,50,155 781 704,A01,1,10,0,2,1,16,1,203 988 491,155 781 704,A01,1,1,1,1,1977.0,0,1,8,-1,-1, -1,-1
202400000030,18,9,2024,08:55,1,37,37261,2,2,1,3,MARCEAU (RUE),47.39355,0.68501,4,HALLES (RUE DES),0,2,2,0,1,-1, -1,1,-1.0,1,0,1,50,155 781 704,A01,1,10,0,2,1,16,1,203 988 492,155 781 705,B01,1,1,4,1,1984.0,0,2,0,-1,-1, -1,-1
202400000030,18,9,2024,08:55,1,37,37261,2,2,1,3,MARCEAU (RUE),47.39355,0.68501,4,HALLES (RUE DES),0,2,2,0,1,-1, -1,1,-1.0,1,0,1,50,155 781 705,B01,1,80,0,2,8,1,3,203 988 491,155 781 704,A01,1,1,1,1,1977.0,0,1,8,-1,-1, -1,-1
202400000030,18,9,2024,08:55,1,37,37261,2,2,1,3,MARCEAU (RUE),47.39355,0.68501,4,HALLES (RUE DES),0,2,2,0,1,-1, -1,1,-1.0,1,0,1,50,155 781 705,B01,1,80,0,2,8,1,3,203 988 492,155 781 705,B01,1,1,4,1,1984.0,0,2,0,-1,-1, -1,-1
202400000030,18,9,2024,08:55,1,37,37261,2,2,1,3,MARCEAU (RUE),47.39355,0.68501,4,MARCEAU (RUE),0,1,2,1,1,-1, -1,1,-1.0,1,0,1,50,155 781 704,A01,1,10,0,2,1,16,1,203 988 491,155 781 704,A01,1,1,1,1,1977.0,0,1,8,-1,-1, -1,-1
202400000030,18,9,2024,08:55,1,37,37261,2,2,1,3,MARCEAU (RUE),47.39355,0.68501,4,MARCEAU (RUE),0,1,2,1,1,-1, -1,1,-1.0,1,0,1,50,155 781 704,A01,1,10,0,2,1,16,1,203 988 492,155 781 705,B01,1,1,4,1,1984.0,0,2,0,-1,-1, -1,-1
202400000030,18,9,2024,08:55,1,37,37261,2,2,1,3,MARCEAU (RUE),47.39355,0.68501,4,MARCEAU (RUE),0,1,2,1,1,-1, -1,1,-1.0,1,0,1,50,155 781 705,B01,1,80,0,2,8,1,3,203 988 491,155 781 704,A01,1,1,1,1,1977.0,0,1,8,-1,-1, -1,-1
202400000030,18,9,2024,08:55,1,37,37261,2,2,1,3,MARCEAU (RUE),47.39355,0.68501,4,MARCEAU (RUE),0,1,2,1,1,-1, -1,1,-1.0,1,0,1,50,155 781 705,B01,1,80,0,2,8,1,3,203 988 492,155 781 705,B01,1,1,4,1,1984.0,0,2,0,-1,-1, -1,-1
202400000031,19,9,2024,20:45,5,35,35238,2,1,1,3,MOULIN DE JOUE (DU),48.11337,-1.6476,4,MOULIN DE JOUE (DU),0,2,2,2,2,-1, -1,1,-1.0,1,0,1,30,155 781 702,A01,3,7,0,2,8,10,1,203 988 488,155 781 702,A01,1,1,1,1,1964.0,0,1,-1,-1,-1, -1,-1
202400000031,19,9,2024,20:45,5,35,35238,2,1,1,3,MOULIN DE JOUE (DU),48.11337,-1.6476,4,MOULIN DE JOUE (DU),0,2,2,2,2,-1, -1,1,-1.0,1,0,1,30,155 781 702,A01,3,7,0,2,8,10,1,203 988 489,155 781 703,B01,2,2,4,2,2008.0,5,2,6,-1,-1, -1,-1
202400000031,19,9,2024,20:45,5,35,35238,2,1,1,3,MOULIN DE JOUE (DU),48.11337,-1.6476,4,MOULIN DE JOUE (DU),0,2,2,2,2,-1, -1,1,-1.0,1,0,1,30,155 781 702,A01,3,7,0,2,8,10,1,203 988 490,155 781 703,B01,1,1,3,1,1954.0,5,2,6,-1,-1, -1,-1
202400000031,19,9,2024,20:45,5,35,35238,2,1,1,3,MOULIN DE JOUE (DU),48.11337,-1.6476,4,MOULIN DE JOUE (DU),0,2,2,2,2,-1, -1,1,-1.0,1,0,1,30,155 781 703,B01,3,33,0,2,7,1,1,203 988 488,155 781 702,A01,1,1,1,1,1964.0,0,1,-1,-1,-1, -1,-1
202400000031,19,9,2024,20:45,5,35,35238,2,1,1,3,MOULIN DE JOUE (DU),48.11337,-1.6476,4,MOULIN DE JOUE (DU),0,2,2,2,2,-1, -1,1,-1.0,1,0,1,30,155 781 703,B01,3,33,0,2,7,1,1,203 988 489,155 781 703,B01,2,2,4,2,2008.0,5,2,6,-1,-1, -1,-1
202400000031,19,9,2024,20:45,5,35,35238,2,1,1,3,MOULIN DE JOUE (DU),48.11337,-1.6476,4,MOULIN DE JOUE (DU),0,2,2,2,2,-1, -1,1,-1.0,1,0,1,30,155 781 703,B01,3,33,0,2,7,1,1,203 988 490,155 781 703,B01,1,1,3,1,1954.0,5,2,6,-1,-1, -1,-1
202400000032,19,9,2024,08:15,1,34,34301,1,1,1,2,MARTELLI GILBERT (AVENUE),43.41766,3.72361,4,MARTELLI GILBERT (AVENUE),0,1,1,0,1,1,0,1,-1.0,1,0,1,50,155 781 700,A01,1,33,0,2,1,1,1,203 988 486,155 781 700,A01,1,1,4,1,1980.0,1,2,6,-1,-1, -1,-1
202400000032,19,9,2024,08:15,1,34,34301,1,1,1,2,MARTELLI GILBERT (AVENUE),43.41766,3.72361,4,MARTELLI GILBERT (AVENUE),0,1,1,0,1,1,0,1,-1.0,1,0,1,50,155 781 700,A01,1,33,0,2,1,1,1,203 988 487,155 781 701,B01,1,1,1,1,2004.0,1,1,0,-1,-1, -1,-1
202400000032,19,9,2024,08:15,1,34,34301,1,1,1,2,MARTELLI GILBERT (AVENUE),43.41766,3.72361,4,MARTELLI GILBERT (AVENUE),0,1,1,0,1,1,0,1,-1.0,1,0,1,50,155 781 701,B01,1,7,0,2,6,2,1,203 988 486,155 781 700,A01,1,1,4,1,1980.0,1,2,6,-1,-1, -1,-1
202400000032,19,9,2024,08:15,1,34,34301,1,1,1,2,MARTELLI GILBERT (AVENUE),43.41766,3.72361,4,MARTELLI GILBERT (AVENUE),0,1,1,0,1,1,0,1,-1.0,1,0,1,50,155 781 701,B01,1,7,0,2,6,2,1,203 988 487,155 781 701,B01,1,1,1,1,2004.0,1,1,0,-1,-1, -1,-1
202400000033,19,9,2024,11:41,1,34,34172,2,3,1,6,CAPITAINE PIERRE PONTAL (RUE DU),43.609241,3.899127,4,CAPITAINE PIERRE PONTAL (RUE DU),0,2,2,0,1,0,0,1,-1.0,1,8,1,50,155 781 699,A01,3,7,0,1,1,15,1,203 988 484,155 781 699,A01,10,3,4,1,1984.0,0,0,-1,-1,2,3,1
202400000033,19,9,2024,11:41,1,34,34172,2,3,1,6,CAPITAINE PIERRE PONTAL (RUE DU),43.609241,3.899127,4,CAPITAINE PIERRE PONTAL (RUE DU),0,2,2,0,1,0,0,1,-1.0,1,8,1,50,155 781 699,A01,3,7,0,1,1,15,1,203 988 485,155 781 699,A01,1,1,1,1,1966.0,1,1,0,-1,-1, -1,-1
202400000033,19,9,2024,11:41,1,34,34172,2,3,1,6,CAPITAINE PIERRE PONTAL (RUE DU),43.609241,3.899127,4,POMPIGNANE (AVENUE DE LA),0,-1,2,0,1,0,0,1,-1.0,1,0,1,50,155 781 699,A01,3,7,0,1,1,15,1,203 988 484,155 781 699,A01,10,3,4,1,1984.0,0,0,-1,-1,2,3,1
202400000033,19,9,2024,11:41,1,34,34172,2,3,1,6,CAPITAINE PIERRE PONTAL (RUE DU),43.609241,3.899127,4,POMPIGNANE (AVENUE DE LA),0,-1,2,0,1,0,0,1,-1.0,1,0,1,50,155 781 699,A01,3,7,0,1,1,15,1,203 988 485,155 781 699,A01,1,1,1,1,1966.0,1,1,0,-1,-1, -1,-1
202400000034,19,9,2024,21:10,5,33,33063,2,1,1,6,inconnu,44.83328,-0.56157,4,QUAI DE LA GRAVE,0,2,4,0,1,-1, -1,1,-1.0,1,0,1,50,155 781 698,A01,2,33,0,1,1,1,1,203 988 482,155 781 698,A01,10,3,3,1,2004.0,0,0,-1,-1,9,1,1
202400000034,19,9,2024,21:10,5,33,33063,2,1,1,6,inconnu,44.83328,-0.56157,4,QUAI DE LA GRAVE,0,2,4,0,1,-1, -1,1,-1.0,1,0,1,50,155 781 698,A01,2,33,0,1,1,1,1,203 988 483,155 781 698,A01,1,1,4,1,2003.0,0,8,0,-1,-1, -1,-1
202400000035,19,9,2024,16:00,1,33,33039,2,3,1,3,inconnu,44.8192,-0.53863,4,QUAI DU PRESIDENT WILSON,0,3,6,0,1,-1, -1,1,-1.0,1,0,1,50,155 781 696,A01,1,10,0,2,2,16,1,203 988 480,155 781 696,A01,1,1,1,1,1962.0,4,1,-1,-1,-1, -1,-1
202400000035,19,9,2024,16:00,1,33,33039,2,3,1,3,inconnu,44.8192,-0.53863,4,QUAI DU PRESIDENT WILSON,0,3,6,0,1,-1, -1,1,-1.0,1,0,1,50,155 781 696,A01,1,10,0,2,2,16,1,203 988 481,155 781 697,B01,1,1,4,1,2005.0,1,2,6,-1,-1, -1,-1
202400000035,19,9,2024,16:00,1,33,33039,2,3,1,3,inconnu,44.8192,-0.53863,4,QUAI DU PRESIDENT WILSON,0,3,6,0,1,-1, -1,1,-1.0,1,0,1,50,155 781 697,B01,1,34,0,2,1,1,1,203 988 480,155 781 696,A01,1,1,1,1,1962.0,4,1,-1,-1,-1, -1,-1
202400000035,19,9,2024,16:00,1,33,33039,2,3,1,3,inconnu,44.8192,-0.53863,4,QUAI DU PRESIDENT WILSON,0,3,6,0,1,-1, -1,1,-1.0,1,0,1,50,155 781 697,B01,1,34,0,2,1,1,1,203 988 481,155 781 697,B01,1,1,4,1,2005.0,1,2,6,-1,-1, -1,-1
202400000035,19,9,2024,16:00,1,33,33039,2,3,1,3,inconnu,44.8192,-0.53863,4,RUE PAULY,0,1,1,0,1,-1, -1,1,-1.0,1,0,1,30,155 781 696,A01,1,10,0,2,2,16,1,203 988 480,155 781 696,A01,1,1,1,1,1962.0,4,1,-1,-1,-1, -1,-1
202400000035,19,9,2024,16:00,1,33,33039,2,3,1,3,inconnu,44.8192,-0.53863,4,RUE PAULY,0,1,1,0,1,-1, -1,1,-1.0,1,0,1,30,155 781 696,A01,1,10,0,2,2,16,1,203 988 481,155 781 697,B01,1,1,4,1,2005.0,1,2,6,-1,-1, -1,-1
202400000035,19,9,2024,16:00,1,33,33039,2,3,1,3,inconnu,44.8192,-0.53863,4,RUE PAULY,0,1,1,0,1,-1, -1,1,-1.0,1,0,1,30,155 781 697,B01,1,34,0,2,1,1,1,203 988 480,155 781 696,A01,1,1,1,1,1962.0,4,1,-1,-1,-1, -1,-1
202400000035,19,9,2024,16:00,1,33,33039,2,3,1,3,inconnu,44.8192,-0.53863,4,RUE PAULY,0,1,1,0,1,-1, -1,1,-1.0,1,0,1,30,155 781 697,B01,1,34,0,2,1,1,1,203 988 481,155 781 697,B01,1,1,4,1,2005.0,1,2,6,-1,-1, -1,-1
202400000036,18,9,2024,12:15,1,33,33529,2,3,1,1,inconnu,44.61047,-1.1247,4,EIFFEL (RUE GUSTAVE) DU 380 ET +,0,2,2,0,1,-1, -1,1,-1.0,1,0,8,50,155 781 694,B01,1,7,0,2,5,15,2,203 988 478,155 781 694,B01,1,1,1,1,1990.0,1,1,-1,-1,-1, -1,-1
202400000036,18,9,2024,12:15,1,33,33529,2,3,1,1,inconnu,44.61047,-1.1247,4,EIFFEL (RUE GUSTAVE) DU 380 ET +,0,2,2,0,1,-1, -1,1,-1.0,1,0,8,50,155 781 694,B01,1,7,0,2,5,15,2,203 988 479,155 781 695,A01,1,1,4,1,1992.0,9,2,6,-1,-1, -1,-1
202400000036,18,9,2024,12:15,1,33,33529,2,3,1,1,inconnu,44.61047,-1.1247,4,EIFFEL (RUE GUSTAVE) DU 380 ET +,0,2,2,0,1,-1, -1,1,-1.0,1,0,8,50,155 781 695,A01,1,33,0,2,2,17,1,203 988 478,155 781 694,B01,1,1,1,1,1990.0,1,1,-1,-1,-1, -1,-1
202400000036,18,9,2024,12:15,1,33,33529,2,3,1,1,inconnu,44.61047,-1.1247,4,EIFFEL (RUE GUSTAVE) DU 380 ET +,0,2,2,0,1,-1, -1,1,-1.0,1,0,8,50,155 781 695,A01,1,33,0,2,2,17,1,203 988 479,155 781 695,A01,1,1,4,1,1992.0,9,2,6,-1,-1, -1,-1
202400000036,18,9,2024,12:15,1,33,33529,2,3,1,1,inconnu,44.61047,-1.1247,4,PAPIN (RUE DENIS),0,2,2,0,1,-1, -1,1,-1.0,1,0,1,50,155 781 694,B01,1,7,0,2,5,15,2,203 988 478,155 781 694,B01,1,1,1,1,1990.0,1,1,-1,-1,-1, -1,-1
202400000036,18,9,2024,12:15,1,33,33529,2,3,1,1,inconnu,44.61047,-1.1247,4,PAPIN (RUE DENIS),0,2,2,0,1,-1, -1,1,-1.0,1,0,1,50,155 781 694,B01,1,7,0,2,5,15,2,203 988 479,155 781 695,A01,1,1,4,1,1992.0,9,2,6,-1,-1, -1,-1
202400000036,18,9,2024,12:15,1,33,33529,2,3,1,1,inconnu,44.61047,-1.1247,4,PAPIN (RUE DENIS),0,2,2,0,1,-1, -1,1,-1.0,1,0,1,50,155 781 695,A01,1,33,0,2,2,17,1,203 988 478,155 781 694,B01,1,1,1,1,1990.0,1,1,-1,-1,-1, -1,-1
202400000036,18,9,2024,12:15,1,33,33529,2,3,1,1,inconnu,44.61047,-1.1247,4,PAPIN (RUE DENIS),0,2,2,0,1,-1, -1,1,-1.0,1,0,1,50,155 781 695,A01,1,33,0,2,2,17,1,203 988 479,155 781 695,A01,1,1,4,1,1992.0,9,2,6,-1,-1, -1,-1
202400000037,19,9,2024,17:00,1,29,29051,2,1,1,7,Avenue du Rouillen,47.99976064,-4.05189669,3,ROUILLEN AVENUE,0,2,1,0,1,2,0,1,-1.0,1,9,3,30,155 781 693,A01,1,7,0,0,0,1,1,203 988 477,155 781 693,A01,1,1,4,2,1990.0,9,1,-1,-1,-1, -1,-1
202400000038,19,9,2024,08:15,1,29,29232,1,1,1,5,RN 165,48.03157878,-4.0847009,2,RN 165,0,2,2,0,1,54,200,1,10.0,1,8,1,80,155 781 690,A01,2,7,3,2,2,11,1,203 988 474,155 781 690,A01,1,1,4,1,1990.0,0,1,-1,-1,-1, -1,-1
202400000038,19,9,2024,08:15,1,29,29232,1,1,1,5,RN 165,48.03157878,-4.0847009,2,RN 165,0,2,2,0,1,54,200,1,10.0,1,8,1,80,155 781 690,A01,2,7,3,2,2,11,1,203 988 475,155 781 691,B01,1,1,1,1,1995.0,0,1,-1,-1,-1, -1,-1
202400000038,19,9,2024,08:15,1,29,29232,1,1,1,5,RN 165,48.03157878,-4.0847009,2,RN 165,0,2,2,0,1,54,200,1,10.0,1,8,1,80,155 781 690,A01,2,7,3,2,2,11,1,203 988 476,155 781 692,C01,1,1,1,1,1998.0,0,1,-1,-1,-1, -1,-1
202400000038,19,9,2024,08:15,1,29,29232,1,1,1,5,RN 165,48.03157878,-4.0847009,2,RN 165,0,2,2,0,1,54,200,1,10.0,1,8,1,80,155 781 691,B01,2,7,3,2,6,11,1,203 988 474,155 781 690,A01,1,1,4,1,1990.0,0,1,-1,-1,-1, -1,-1
202400000038,19,9,2024,08:15,1,29,29232,1,1,1,5,RN 165,48.03157878,-4.0847009,2,RN 165,0,2,2,0,1,54,200,1,10.0,1,8,1,80,155 781 691,B01,2,7,3,2,6,11,1,203 988 475,155 781 691,B01,1,1,1,1,1995.0,0,1,-1,-1,-1, -1,-1
202400000038,19,9,2024,08:15,1,29,29232,1,1,1,5,RN 165,48.03157878,-4.0847009,2,RN 165,0,2,2,0,1,54,200,1,10.0,1,8,1,80,155 781 691,B01,2,7,3,2,6,11,1,203 988 476,155 781 692,C01,1,1,1,1,1998.0,0,1,-1,-1,-1, -1,-1
202400000038,19,9,2024,08:15,1,29,29232,1,1,1,5,RN 165,48.03157878,-4.0847009,2,RN 165,0,2,2,0,1,54,200,1,10.0,1,8,1,80,155 781 692,C01,2,7,3,2,0,2,1,203 988 474,155 781 690,A01,1,1,4,1,1990.0,0,1,-1,-1,-1, -1,-1
202400000038,19,9,2024,08:15,1,29,29232,1,1,1,5,RN 165,48.03157878,-4.0847009,2,RN 165,0,2,2,0,1,54,200,1,10.0,1,8,1,80,155 781 692,C01,2,7,3,2,0,2,1,203 988 475,155 781 691,B01,1,1,1,1,1995.0,0,1,-1,-1,-1, -1,-1
202400000038,19,9,2024,08:15,1,29,29232,1,1,1,5,RN 165,48.03157878,-4.0847009,2,RN 165,0,2,2,0,1,54,200,1,10.0,1,8,1,80,155 781 692,C01,2,7,3,2,0,2,1,203 988 476,155 781 692,C01,1,1,1,1,1998.0,0,1,-1,-1,-1, -1,-1
202400000039,18,9,2024,14:40,1,28,28218,2,3,1,3,REPUBLIQUE (AVENUE DE LA),48.43894,1.45835,4,MAUSSIBOT (RUE EUGENE),0,2,2,0,1,0,0,1,-1.0,1,0,1,50,155 781 688,A01,1,33,0,2,1,17,1,203 988 472,155 781 688,A01,1,1,4,1,1956.0,0,2,8,-1,-1, -1,-1
202400000039,18,9,2024,14:40,1,28,28218,2,3,1,3,REPUBLIQUE (AVENUE DE LA),48.43894,1.45835,4,MAUSSIBOT (RUE EUGENE),0,2,2,0,1,0,0,1,-1.0,1,0,1,50,155 781 688,A01,1,33,0,2,1,17,1,203 988 473,155 781 689,B01,1,1,4,2,2003.0,0,1,0,-1,-1, -1,-1
202400000039,18,9,2024,14:40,1,28,28218,2,3,1,3,REPUBLIQUE (AVENUE DE LA),48.43894,1.45835,4,MAUSSIBOT (RUE EUGENE),0,2,2,0,1,0,0,1,-1.0,1,0,1,50,155 781 689,B01,2,7,0,2,3,15,1,203 988 472,155 781 688,A01,1,1,4,1,1956.0,0,2,8,-1,-1, -1,-1
202400000039,18,9,2024,14:40,1,28,28218,2,3,1,3,REPUBLIQUE (AVENUE DE LA),48.43894,1.45835,4,MAUSSIBOT (RUE EUGENE),0,2,2,0,1,0,0,1,-1.0,1,0,1,50,155 781 689,B01,2,7,0,2,3,15,1,203 988 473,155 781 689,B01,1,1,4,2,2003.0,0,1,0,-1,-1, -1,-1
202400000039,18,9,2024,14:40,1,28,28218,2,3,1,3,REPUBLIQUE (AVENUE DE LA),48.43894,1.45835,4,REPUBLIQUE (AVENUE DE LA),0,2,0,0,1,0,0,1,-1.0,1,0,1,50,155 781 688,A01,1,33,0,2,1,17,1,203 988 472,155 781 688,A01,1,1,4,1,1956.0,0,2,8,-1,-1, -1,-1
202400000039,18,9,2024,14:40,1,28,28218,2,3,1,3,REPUBLIQUE (AVENUE DE LA),48.43894,1.45835,4,REPUBLIQUE (AVENUE DE LA),0,2,0,0,1,0,0,1,-1.0,1,0,1,50,155 781 688,A01,1,33,0,2,1,17,1,203 988 473,155 781 689,B01,1,1,4,2,2003.0,0,1,0,-1,-1, -1,-1
202400000039,18,9,2024,14:40,1,28,28218,2,3,1,3,REPUBLIQUE (AVENUE DE LA),48.43894,1.45835,4,REPUBLIQUE (AVENUE DE LA),0,2,0,0,1,0,0,1,-1.0,1,0,1,50,155 781 689,B01,2,7,0,2,3,15,1,203 988 472,155 781 688,A01,1,1,4,1,1956.0,0,2,8,-1,-1, -1,-1
202400000039,18,9,2024,14:40,1,28,28218,2,3,1,3,REPUBLIQUE (AVENUE DE LA),48.43894,1.45835,4,REPUBLIQUE (AVENUE DE LA),0,2,0,0,1,0,0,1,-1.0,1,0,1,50,155 781 689,B01,2,7,0,2,3,15,1,203 988 473,155 781 689,B01,1,1,4,2,2003.0,0,1,0,-1,-1, -1,-1
202400000040,19,9,2024,15:30,1,27,27681,2,1,1,5,ROUEN (AVENUE DE),49.10003,1.47282,3,ROUEN (AVENUE DE),0,2,2,0,1,4,88,1,-1.0,1,0,1,50,155 781 685,A01,2,7,0,2,1,1,1,203 988 469,155 781 685,A01,1,1,1,1,1977.0,1,1,0,-1,-1, -1,-1
202400000040,19,9,2024,15:30,1,27,27681,2,1,1,5,ROUEN (AVENUE DE),49.10003,1.47282,3,ROUEN (AVENUE DE),0,2,2,0,1,4,88,1,-1.0,1,0,1,50,155 781 685,A01,2,7,0,2,1,1,1,203 988 470,155 781 686,B01,1,1,4,1,1988.0,5,1,0,-1,-1, -1,-1
202400000040,19,9,2024,15:30,1,27,27681,2,1,1,5,ROUEN (AVENUE DE),49.10003,1.47282,3,ROUEN (AVENUE DE),0,2,2,0,1,4,88,1,-1.0,1,0,1,50,155 781 685,A01,2,7,0,2,1,1,1,203 988 471,155 781 687,C01,1,1,4,1,1964.0,5,1,0,-1,-1, -1,-1
202400000040,19,9,2024,15:30,1,27,27681,2,1,1,5,ROUEN (AVENUE DE),49.10003,1.47282,3,ROUEN (AVENUE DE),0,2,2,0,1,4,88,1,-1.0,1,0,1,50,155 781 686,B01,2,10,0,2,4,1,1,203 988 469,155 781 685,A01,1,1,1,1,1977.0,1,1,0,-1,-1, -1,-1
202400000040,19,9,2024,15:30,1,27,27681,2,1,1,5,ROUEN (AVENUE DE),49.10003,1.47282,3,ROUEN (AVENUE DE),0,2,2,0,1,4,88,1,-1.0,1,0,1,50,155 781 686,B01,2,10,0,2,4,1,1,203 988 470,155 781 686,B01,1,1,4,1,1988.0,5,1,0,-1,-1, -1,-1
202400000040,19,9,2024,15:30,1,27,27681,2,1,1,5,ROUEN (AVENUE DE),49.10003,1.47282,3,ROUEN (AVENUE DE),0,2,2,0,1,4,88,1,-1.0,1,0,1,50,155 781 686,B01,2,10,0,2,4,1,1,203 988 471,155 781 687,C01,1,1,4,1,1964.0,5,1,0,-1,-1, -1,-1
202400000040,19,9,2024,15:30,1,27,27681,2,1,1,5,ROUEN (AVENUE DE),49.10003,1.47282,3,ROUEN (AVENUE DE),0,2,2,0,1,4,88,1,-1.0,1,0,1,50,155 781 687,C01,2,7,0,2,4,1,2,203 988 469,155 781 685,A01,1,1,1,1,1977.0,1,1,0,-1,-1, -1,-1
202400000040,19,9,2024,15:30,1,27,27681,2,1,1,5,ROUEN (AVENUE DE),49.10003,1.47282,3,ROUEN (AVENUE DE),0,2,2,0,1,4,88,1,-1.0,1,0,1,50,155 781 687,C01,2,7,0,2,4,1,2,203 988 470,155 781 686,B01,1,1,4,1,1988.0,5,1,0,-1,-1, -1,-1
202400000040,19,9,2024,15:30,1,27,27681,2,1,1,5,ROUEN (AVENUE DE),49.10003,1.47282,3,ROUEN (AVENUE DE),0,2,2,0,1,4,88,1,-1.0,1,0,1,50,155 781 687,C01,2,7,0,2,4,1,2,203 988 471,155 781 687,C01,1,1,4,1,1964.0,5,1,0,-1,-1, -1,-1
202400000041,3,5,2024,00:15,3,76,76116,2,2,1,6,202 Rue du Trou du Puits,49.381011,1.197757,4,inconnu,-1,2,2,0,1,-1, -1,1,-1.0,1,0,4,50,155 781 684,A01,1,7,15,0,1,1,1,203 988 466,155 781 684,A01,2,2,3,1,2007.0,5,1,9,-1,0,0,-1
202400000041,3,5,2024,00:15,3,76,76116,2,2,1,6,202 Rue du Trou du Puits,49.381011,1.197757,4,inconnu,-1,2,2,0,1,-1, -1,1,-1.0,1,0,4,50,155 781 684,A01,1,7,15,0,1,1,1,203 988 467,155 781 684,A01,7,2,3,2,2006.0,5,1,9,-1,0,0,-1
202400000041,3,5,2024,00:15,3,76,76116,2,2,1,6,202 Rue du Trou du Puits,49.381011,1.197757,4,inconnu,-1,2,2,0,1,-1, -1,1,-1.0,1,0,4,50,155 781 684,A01,1,7,15,0,1,1,1,203 988 468,155 781 684,A01,1,1,4,2,2006.0,5,1,9,-1,0,0,-1
202400000041,3,5,2024,00:15,3,76,76116,2,2,1,6,202 Rue du Trou du Puits,49.381011,1.197757,4,inconnu,-1,2,2,0,1,-1, -1,1,-1.0,2,0,4,50,155 781 684,A01,1,7,15,0,1,1,1,203 988 466,155 781 684,A01,2,2,3,1,2007.0,5,1,9,-1,0,0,-1
202400000041,3,5,2024,00:15,3,76,76116,2,2,1,6,202 Rue du Trou du Puits,49.381011,1.197757,4,inconnu,-1,2,2,0,1,-1, -1,1,-1.0,2,0,4,50,155 781 684,A01,1,7,15,0,1,1,1,203 988 467,155 781 684,A01,7,2,3,2,2006.0,5,1,9,-1,0,0,-1
202400000041,3,5,2024,00:15,3,76,76116,2,2,1,6,202 Rue du Trou du Puits,49.381011,1.197757,4,inconnu,-1,2,2,0,1,-1, -1,1,-1.0,2,0,4,50,155 781 684,A01,1,7,15,0,1,1,1,203 988 468,155 781 684,A01,1,1,4,2,2006.0,5,1,9,-1,0,0,-1
202400000042,3,5,2024,17:30,1,59,59258,1,1,1,3,D145,50.528461,3.229428,3,145,0,2,2,0,1,31,150,1,-1.0,1,9,1,70,155 781 682,A01,1,7,0,2,3,1,1,203 988 463,155 781 682,A01,2,2,1,1,1970.0,4,1,-1,-1,0,0,-1
202400000042,3,5,2024,17:30,1,59,59258,1,1,1,3,D145,50.528461,3.229428,3,145,0,2,2,0,1,31,150,1,-1.0,1,9,1,70,155 781 682,A01,1,7,0,2,3,1,1,203 988 464,155 781 682,A01,1,1,1,1,1988.0,4,1,-1,-1,0,0,-1
202400000042,3,5,2024,17:30,1,59,59258,1,1,1,3,D145,50.528461,3.229428,3,145,0,2,2,0,1,31,150,1,-1.0,1,9,1,70,155 781 682,A01,1,7,0,2,3,1,1,203 988 465,155 781 683,B01,1,1,4,2,1999.0,0,1,-1,-1,0,0,-1
202400000042,3,5,2024,17:30,1,59,59258,1,1,1,3,D145,50.528461,3.229428,3,145,0,2,2,0,1,31,150,1,-1.0,1,9,1,70,155 781 683,B01,1,7,0,2,8,19,1,203 988 463,155 781 682,A01,2,2,1,1,1970.0,4,1,-1,-1,0,0,-1
202400000042,3,5,2024,17:30,1,59,59258,1,1,1,3,D145,50.528461,3.229428,3,145,0,2,2,0,1,31,150,1,-1.0,1,9,1,70,155 781 683,B01,1,7,0,2,8,19,1,203 988 464,155 781 682,A01,1,1,1,1,1988.0,4,1,-1,-1,0,0,-1
202400000042,3,5,2024,17:30,1,59,59258,1,1,1,3,D145,50.528461,3.229428,3,145,0,2,2,0,1,31,150,1,-1.0,1,9,1,70,155 781 683,B01,1,7,0,2,8,19,1,203 988 465,155 781 683,B01,1,1,4,2,1999.0,0,1,-1,-1,0,0,-1
202400000043,25,3,2024,11:44,1,94,94022,2,1,1,6,Rue Jean Jaures,48.765484,2.409569,4,inconnu,0,1,1,0,1,0,1,1,-1.0,1,0,1,50,155 781 681,A01,2,10,0,1,3,1,0,203 988 461,155 781 681,A01,1,1,1,1,1981.0,0,1,0,-1,-1, -1,-1
202400000043,25,3,2024,11:44,1,94,94022,2,1,1,6,Rue Jean Jaures,48.765484,2.409569,4,inconnu,0,1,1,0,1,0,1,1,-1.0,1,0,1,50,155 781 681,A01,2,10,0,1,3,1,0,203 988 462,155 781 681,A01,10,3,4,2,1987.0,0,0,0,0,2,3,1
202400000044,2,5,2024,08:20,1,13,13215,1,1,2,3,A7-Sens Marseille vers Lyon,43.38322159,5.35134399,1,A7-Sens Marseille vers Lyon,0,-1,3,0,1,273,869,1,-1.0,2,8,1,70,155 781 677,A01,2,32,0,2,2,3,1,203 988 457,155 781 677,A01,1,1,3,1,2000.0,1,2,0,-1,-1, -1,-1
202400000044,2,5,2024,08:20,1,13,13215,1,1,2,3,A7-Sens Marseille vers Lyon,43.38322159,5.35134399,1,A7-Sens Marseille vers Lyon,0,-1,3,0,1,273,869,1,-1.0,2,8,1,70,155 781 677,A01,2,32,0,2,2,3,1,203 988 458,155 781 678,B01,1,1,1,1,1983.0,4,1,0,-1,-1, -1,-1
202400000044,2,5,2024,08:20,1,13,13215,1,1,2,3,A7-Sens Marseille vers Lyon,43.38322159,5.35134399,1,A7-Sens Marseille vers Lyon,0,-1,3,0,1,273,869,1,-1.0,2,8,1,70,155 781 677,A01,2,32,0,2,2,3,1,203 988 460,155 781 680,C01,1,1,1,1,1995.0,4,1,0,-1,-1, -1,-1
202400000044,2,5,2024,08:20,1,13,13215,1,1,2,3,A7-Sens Marseille vers Lyon,43.38322159,5.35134399,1,A7-Sens Marseille vers Lyon,0,-1,3,0,1,273,869,1,-1.0,2,8,1,70,155 781 678,B01,2,17,0,2,8,1,1,203 988 457,155 781 677,A01,1,1,3,1,2000.0,1,2,0,-1,-1, -1,-1
202400000044,2,5,2024,08:20,1,13,13215,1,1,2,3,A7-Sens Marseille vers Lyon,43.38322159,5.35134399,1,A7-Sens Marseille vers Lyon,0,-1,3,0,1,273,869,1,-1.0,2,8,1,70,155 781 678,B01,2,17,0,2,8,1,1,203 988 458,155 781 678,B01,1,1,1,1,1983.0,4,1,0,-1,-1, -1,-1
202400000044,2,5,2024,08:20,1,13,13215,1,1,2,3,A7-Sens Marseille vers Lyon,43.38322159,5.35134399,1,A7-Sens Marseille vers Lyon,0,-1,3,0,1,273,869,1,-1.0,2,8,1,70,155 781 678,B01,2,17,0,2,8,1,1,203 988 460,155 781 680,C01,1,1,1,1,1995.0,4,1,0,-1,-1, -1,-1
202400000044,2,5,2024,08:20,1,13,13215,1,1,2,3,A7-Sens Marseille vers Lyon,43.38322159,5.35134399,1,A7-Sens Marseille vers Lyon,0,-1,3,0,1,273,869,1,-1.0,2,8,1,70,155 781 680,C01,2,10,0,2,2,1,1,203 988 457,155 781 677,A01,1,1,3,1,2000.0,1,2,0,-1,-1, -1,-1
202400000044,2,5,2024,08:20,1,13,13215,1,1,2,3,A7-Sens Marseille vers Lyon,43.38322159,5.35134399,1,A7-Sens Marseille vers Lyon,0,-1,3,0,1,273,869,1,-1.0,2,8,1,70,155 781 680,C01,2,10,0,2,2,1,1,203 988 458,155 781 678,B01,1,1,1,1,1983.0,4,1,0,-1,-1, -1,-1
202400000044,2,5,2024,08:20,1,13,13215,1,1,2,3,A7-Sens Marseille vers Lyon,43.38322159,5.35134399,1,A7-Sens Marseille vers Lyon,0,-1,3,0,1,273,869,1,-1.0,2,8,1,70,155 781 680,C01,2,10,0,2,2,1,1,203 988 460,155 781 680,C01,1,1,1,1,1995.0,4,1,0,-1,-1, -1,-1
202400000045,25,3,2024,18:45,1,92,92050,2,2,1,1,CLEMENCEAU GEORGES AVENUE N° PAIR,48.88632799,2.21105236,4,CLEMENCEAU GEORGES AVENUE N° PAIR,0,3,0,0,1,0,0,1,-1.0,1,0,8,50,155 781 676,B01,3,32,0,2,1,1,1,203 988 456,155 781 676,B01,1,1,4,2,1996.0,0,2,0,0,-1, -1,-1
202400000045,25,3,2024,18:45,1,92,92050,2,2,1,1,CLEMENCEAU GEORGES AVENUE N° PAIR,48.88632799,2.21105236,4,CLEMENCEAU GEORGES AVENUE N° PAIR,0,3,0,0,1,0,0,1,-1.0,1,0,8,50,155 781 676,B01,3,32,0,2,1,1,1,203 988 459,155 781 679,A01,1,1,1,1,1993.0,0,1,0,0,-1, -1,-1
202400000045,25,3,2024,18:45,1,92,92050,2,2,1,1,CLEMENCEAU GEORGES AVENUE N° PAIR,48.88632799,2.21105236,4,CLEMENCEAU GEORGES AVENUE N° PAIR,0,3,0,0,1,0,0,1,-1.0,1,0,8,50,155 781 679,A01,3,7,0,2,1,15,1,203 988 456,155 781 676,B01,1,1,4,2,1996.0,0,2,0,0,-1, -1,-1
202400000045,25,3,2024,18:45,1,92,92050,2,2,1,1,CLEMENCEAU GEORGES AVENUE N° PAIR,48.88632799,2.21105236,4,CLEMENCEAU GEORGES AVENUE N° PAIR,0,3,0,0,1,0,0,1,-1.0,1,0,8,50,155 781 679,A01,3,7,0,2,1,15,1,203 988 459,155 781 679,A01,1,1,1,1,1993.0,0,1,0,0,-1, -1,-1
202400000046,1,5,2024,19:40,1,83,83027,1,1,1,6,A50,43.19282145,5.67970296,1,A50,0,1,1,0,3,43,200,3,-1.0,2,3,1,70,155 781 675,A01,1,7,4,0,3,1,1,203 988 455,155 781 675,A01,1,1,4,2,2000.0,0,1,-1,-1,-1, -1,-1
202400000047,25,3,2024,08:42,1,92,92023,2,1,1,6,EGLISE (RUE DE L'),48.79936328,2.26319289,4,EGLISE (RUE DE L'),0,2,2,0,1,0,0,1,-1.0,1,0,1,30,155 781 674,A01,2,7,0,1,7,1,1,203 988 452,155 781 674,A01,1,1,1,1,1993.0,0,1,0,0,-1, -1,-1
202400000047,25,3,2024,08:42,1,92,92023,2,1,1,6,EGLISE (RUE DE L'),48.79936328,2.26319289,4,EGLISE (RUE DE L'),0,2,2,0,1,0,0,1,-1.0,1,0,1,30,155 781 674,A01,2,7,0,1,7,1,1,203 988 453,155 781 674,A01,10,3,4,1,2020.0,0,0,0,0,3,3,2
202400000047,25,3,2024,08:42,1,92,92023,2,1,1,6,EGLISE (RUE DE L'),48.79936328,2.26319289,4,EGLISE (RUE DE L'),0,2,2,0,1,0,0,1,-1.0,1,0,1,30,155 781 674,A01,2,7,0,1,7,1,1,203 988 454,155 781 674,A01,10,3,4,2,1986.0,0,0,0,0,3,3,2
202400000048,2,5,2024,15:45,1,33,33249,1,1,1,4,inconnu,44.88827,-0.505076,1,AUTOROUTE A 10,0,3,6,0,1,542,543,1,14.0,1,3,1,90,155 781 669,B01,1,7,0,0,4,23,1,203 988 444,155 781 669,B01,1,1,4,1,1955.0,5,1,-1,-1,-1, -1,-1
202400000048,2,5,2024,15:45,1,33,33249,1,1,1,4,inconnu,44.88827,-0.505076,1,AUTOROUTE A 10,0,3,6,0,1,542,543,1,14.0,1,3,1,90,155 781 669,B01,1,7,0,0,4,23,1,203 988 446,155 781 671,A01,1,1,1,1,1997.0,4,1,-1,-1,-1, -1,-1
202400000048,2,5,2024,15:45,1,33,33249,1,1,1,4,inconnu,44.88827,-0.505076,1,AUTOROUTE A 10,0,3,6,0,1,542,543,1,14.0,1,3,1,90,155 781 669,B01,1,7,0,0,4,23,1,203 988 449,155 781 672,D01,2,2,1,1,1963.0,5,1,-1,-1,-1, -1,-1
202400000048,2,5,2024,15:45,1,33,33249,1,1,1,4,inconnu,44.88827,-0.505076,1,AUTOROUTE A 10,0,3,6,0,1,542,543,1,14.0,1,3,1,90,155 781 669,B01,1,7,0,0,4,23,1,203 988 450,155 781 672,D01,1,1,1,1,1960.0,5,1,-1,-1,-1, -1,-1
202400000048,2,5,2024,15:45,1,33,33249,1,1,1,4,inconnu,44.88827,-0.505076,1,AUTOROUTE A 10,0,3,6,0,1,542,543,1,14.0,1,3,1,90,155 781 669,B01,1,7,0,0,4,23,1,203 988 451,155 781 673,C01,1,1,1,1,1988.0,9,1,-1,-1,-1, -1,-1
202400000048,2,5,2024,15:45,1,33,33249,1,1,1,4,inconnu,44.88827,-0.505076,1,AUTOROUTE A 10,0,3,6,0,1,542,543,1,14.0,1,3,1,90,155 781 671,A01,1,15,0,2,1,2,1,203 988 444,155 781 669,B01,1,1,4,1,1955.0,5,1,-1,-1,-1, -1,-1
202400000048,2,5,2024,15:45,1,33,33249,1,1,1,4,inconnu,44.88827,-0.505076,1,AUTOROUTE A 10,0,3,6,0,1,542,543,1,14.0,1,3,1,90,155 781 671,A01,1,15,0,2,1,2,1,203 988 446,155 781 671,A01,1,1,1,1,1997.0,4,1,-1,-1,-1, -1,-1
202400000048,2,5,2024,15:45,1,33,33249,1,1,1,4,inconnu,44.88827,-0.505076,1,AUTOROUTE A 10,0,3,6,0,1,542,543,1,14.0,1,3,1,90,155 781 671,A01,1,15,0,2,1,2,1,203 988 449,155 781 672,D01,2,2,1,1,1963.0,5,1,-1,-1,-1, -1,-1
202400000048,2,5,2024,15:45,1,33,33249,1,1,1,4,inconnu,44.88827,-0.505076,1,AUTOROUTE A 10,0,3,6,0,1,542,543,1,14.0,1,3,1,90,155 781 671,A01,1,15,0,2,1,2,1,203 988 450,155 781 672,D01,1,1,1,1,1960.0,5,1,-1,-1,-1, -1,-1
202400000048,2,5,2024,15:45,1,33,33249,1,1,1,4,inconnu,44.88827,-0.505076,1,AUTOROUTE A 10,0,3,6,0,1,542,543,1,14.0,1,3,1,90,155 781 671,A01,1,15,0,2,1,2,1,203 988 451,155 781 673,C01,1,1,1,1,1988.0,9,1,-1,-1,-1, -1,-1
202400000048,2,5,2024,15:45,1,33,33249,1,1,1,4,inconnu,44.88827,-0.505076,1,AUTOROUTE A 10,0,3,6,0,1,542,543,1,14.0,1,3,1,90,155 781 672,D01,1,99,0,0,6,23,1,203 988 444,155 781 669,B01,1,1,4,1,1955.0,5,1,-1,-1,-1, -1,-1
202400000048,2,5,2024,15:45,1,33,33249,1,1,1,4,inconnu,44.88827,-0.505076,1,AUTOROUTE A 10,0,3,6,0,1,542,543,1,14.0,1,3,1,90,155 781 672,D01,1,99,0,0,6,23,1,203 988 446,155 781 671,A01,1,1,1,1,1997.0,4,1,-1,-1,-1, -1,-1
202400000048,2,5,2024,15:45,1,33,33249,1,1,1,4,inconnu,44.88827,-0.505076,1,AUTOROUTE A 10,0,3,6,0,1,542,543,1,14.0,1,3,1,90,155 781 672,D01,1,99,0,0,6,23,1,203 988 449,155 781 672,D01,2,2,1,1,1963.0,5,1,-1,-1,-1, -1,-1
202400000048,2,5,2024,15:45,1,33,33249,1,1,1,4,inconnu,44.88827,-0.505076,1,AUTOROUTE A 10,0,3,6,0,1,542,543,1,14.0,1,3,1,90,155 781 672,D01,1,99,0,0,6,23,1,203 988 450,155 781 672,D01,1,1,1,1,1960.0,5,1,-1,-1,-1, -1,-1
202400000048,2,5,2024,15:45,1,33,33249,1,1,1,4,inconnu,44.88827,-0.505076,1,AUTOROUTE A 10,0,3,6,0,1,542,543,1,14.0,1,3,1,90,155 781 672,D01,1,99,0,0,6,23,1,203 988 451,155 781 673,C01,1,1,1,1,1988.0,9,1,-1,-1,-1, -1,-1
202400000048,2,5,2024,15:45,1,33,33249,1,1,1,4,inconnu,44.88827,-0.505076,1,AUTOROUTE A 10,0,3,6,0,1,542,543,1,14.0,1,3,1,90,155 781 673,C01,1,7,0,2,9,23,3,203 988 444,155 781 669,B01,1,1,4,1,1955.0,5,1,-1,-1,-1, -1,-1
202400000048,2,5,2024,15:45,1,33,33249,1,1,1,4,inconnu,44.88827,-0.505076,1,AUTOROUTE A 10,0,3,6,0,1,542,543,1,14.0,1,3,1,90,155 781 673,C01,1,7,0,2,9,23,3,203 988 446,155 781 671,A01,1,1,1,1,1997.0,4,1,-1,-1,-1, -1,-1
202400000048,2,5,2024,15:45,1,33,33249,1,1,1,4,inconnu,44.88827,-0.505076,1,AUTOROUTE A 10,0,3,6,0,1,542,543,1,14.0,1,3,1,90,155 781 673,C01,1,7,0,2,9,23,3,203 988 449,155 781 672,D01,2,2,1,1,1963.0,5,1,-1,-1,-1, -1,-1
202400000048,2,5,2024,15:45,1,33,33249,1,1,1,4,inconnu,44.88827,-0.505076,1,AUTOROUTE A 10,0,3,6,0,1,542,543,1,14.0,1,3,1,90,155 781 673,C01,1,7,0,2,9,23,3,203 988 450,155 781 672,D01,1,1,1,1,1960.0,5,1,-1,-1,-1, -1,-1
202400000048,2,5,2024,15:45,1,33,33249,1,1,1,4,inconnu,44.88827,-0.505076,1,AUTOROUTE A 10,0,3,6,0,1,542,543,1,14.0,1,3,1,90,155 781 673,C01,1,7,0,2,9,23,3,203 988 451,155 781 673,C01,1,1,1,1,1988.0,9,1,-1,-1,-1, -1,-1
202400000049,25,3,2024,23:00,3,35,35276,1,2,1,6,26 la Croisade,48.26548685,-1.84038296,3,27,-1,2,2,0,1,8,700,1,7.0,1,0,3,70,155 781 670,A01,1,7,6,0,2,1,1,203 988 445,155 781 670,A01,2,2,3,1,1983.0,5,1,-1,-1,0,0,-1
202400000049,25,3,2024,23:00,3,35,35276,1,2,1,6,26 la Croisade,48.26548685,-1.84038296,3,27,-1,2,2,0,1,8,700,1,7.0,1,0,3,70,155 781 670,A01,1,7,6,0,2,1,1,203 988 447,155 781 670,A01,7,2,1,2,2015.0,5,1,-1,-1,0,0,-1
202400000049,25,3,2024,23:00,3,35,35276,1,2,1,6,26 la Croisade,48.26548685,-1.84038296,3,27,-1,2,2,0,1,8,700,1,7.0,1,0,3,70,155 781 670,A01,1,7,6,0,2,1,1,203 988 448,155 781 670,A01,1,1,1,2,1988.0,5,1,-1,-1,0,0,-1
202400000049,25,3,2024,23:00,3,35,35276,1,2,1,6,26 la Croisade,48.26548685,-1.84038296,3,inconnu,-1,2,2,0,1,24,380,1,-1.0,1,0,3,80,155 781 670,A01,1,7,6,0,2,1,1,203 988 445,155 781 670,A01,2,2,3,1,1983.0,5,1,-1,-1,0,0,-1
202400000049,25,3,2024,23:00,3,35,35276,1,2,1,6,26 la Croisade,48.26548685,-1.84038296,3,inconnu,-1,2,2,0,1,24,380,1,-1.0,1,0,3,80,155 781 670,A01,1,7,6,0,2,1,1,203 988 447,155 781 670,A01,7,2,1,2,2015.0,5,1,-1,-1,0,0,-1
202400000049,25,3,2024,23:00,3,35,35276,1,2,1,6,26 la Croisade,48.26548685,-1.84038296,3,inconnu,-1,2,2,0,1,24,380,1,-1.0,1,0,3,80,155 781 670,A01,1,7,6,0,2,1,1,203 988 448,155 781 670,A01,1,1,1,2,1988.0,5,1,-1,-1,0,0,-1
202400000050,2,5,2024,20:40,2,91,91521,1,1,2,6,RN 441,48.63558,2.40168,2,RN 441,0,3,1,0,1,0,100,1,7.0,2,0,1,70,155 781 668,A01,1,7,4,0,1,26,1,203 988 441,155 781 668,A01,2,2,4,2,2004.0,9,8,0,-1,-1, -1,-1
202400000050,2,5,2024,20:40,2,91,91521,1,1,2,6,RN 441,48.63558,2.40168,2,RN 441,0,3,1,0,1,0,100,1,7.0,2,0,1,70,155 781 668,A01,1,7,4,0,1,26,1,203 988 443,155 781 668,A01,1,1,4,2,2005.0,0,8,0,-1,-1, -1,-1
202400000051,22,3,2024,17:00,2,972,97206,1,1,1,7,D7,14.48823,-61.035286,3,7,-1,3,2,0,1,-1, -1,1,5.0,1,0,1,70,155 781 666,A01,1,7,0,0,0,15,1,203 988 439,155 781 666,A01,1,1,1,2,1988.0,5,1,-1,-1,0,0,-1
202400000051,22,3,2024,17:00,2,972,97206,1,1,1,7,D7,14.48823,-61.035286,3,7,-1,3,2,0,1,-1, -1,1,5.0,1,0,1,70,155 781 666,A01,1,7,0,0,0,15,1,203 988 440,155 781 667,B01,2,2,3,2,2016.0,2,2,-1,-1,0,0,-1
202400000051,22,3,2024,17:00,2,972,97206,1,1,1,7,D7,14.48823,-61.035286,3,7,-1,3,2,0,1,-1, -1,1,5.0,1,0,1,70,155 781 666,A01,1,7,0,0,0,15,1,203 988 442,155 781 667,B01,1,1,4,1,1973.0,2,2,6,-1,0,0,-1
202400000051,22,3,2024,17:00,2,972,97206,1,1,1,7,D7,14.48823,-61.035286,3,7,-1,3,2,0,1,-1, -1,1,5.0,1,0,1,70,155 781 667,B01,1,33,4,0,1,21,1,203 988 439,155 781 666,A01,1,1,1,2,1988.0,5,1,-1,-1,0,0,-1
202400000051,22,3,2024,17:00,2,972,97206,1,1,1,7,D7,14.48823,-61.035286,3,7,-1,3,2,0,1,-1, -1,1,5.0,1,0,1,70,155 781 667,B01,1,33,4,0,1,21,1,203 988 440,155 781 667,B01,2,2,3,2,2016.0,2,2,-1,-1,0,0,-1
202400000051,22,3,2024,17:00,2,972,97206,1,1,1,7,D7,14.48823,-61.035286,3,7,-1,3,2,0,1,-1, -1,1,5.0,1,0,1,70,155 781 667,B01,1,33,4,0,1,21,1,203 988 442,155 781 667,B01,1,1,4,1,1973.0,2,2,6,-1,0,0,-1
202400000052,2,5,2024,12:20,1,94,94038,1,1,1,3,A6B,48.7828929,2.34713213,1,6B,0,1,2,0,1,4,0,1,-1.0,1,0,1,90,155 781 664,A01,2,34,0,2,8,11,0,203 988 437,155 781 664,A01,1,1,1,2,2003.0,0,2,6,-1,-1, -1,-1
202400000052,2,5,2024,12:20,1,94,94038,1,1,1,3,A6B,48.7828929,2.34713213,1,6B,0,1,2,0,1,4,0,1,-1.0,1,0,1,90,155 781 664,A01,2,34,0,2,8,11,0,203 988 438,155 781 665,B01,1,1,4,1,1978.0,0,1,0,0,-1, -1,-1
202400000052,2,5,2024,12:20,1,94,94038,1,1,1,3,A6B,48.7828929,2.34713213,1,6B,0,1,2,0,1,4,0,1,-1.0,1,0,1,90,155 781 665,B01,2,7,0,2,2,1,0,203 988 437,155 781 664,A01,1,1,1,2,2003.0,0,2,6,-1,-1, -1,-1
202400000052,2,5,2024,12:20,1,94,94038,1,1,1,3,A6B,48.7828929,2.34713213,1,6B,0,1,2,0,1,4,0,1,-1.0,1,0,1,90,155 781 665,B01,2,7,0,2,2,1,0,203 988 438,155 781 665,B01,1,1,4,1,1978.0,0,1,0,0,-1, -1,-1
202400000053,24,3,2024,07:24,1,22,22034,1,1,1,6,RD767,48.661408,-3.340171,3,767,0,3,2,0,1,42,550,2,7.0,2,0,3,110,155 781 663,A01,1,10,13,0,1,1,1,203 988 435,155 781 663,A01,1,1,3,1,2002.0,5,1,-1,-1,0,0,-1
202400000053,24,3,2024,07:24,1,22,22034,1,1,1,6,RD767,48.661408,-3.340171,3,767,0,3,2,0,1,42,550,2,7.0,2,0,3,110,155 781 663,A01,1,10,13,0,1,1,1,203 988 436,155 781 663,A01,2,2,4,1,2002.0,5,1,-1,-1,0,0,-1
202400000054,2,5,2024,08:40,1,94,94003,1,1,1,5,A6B,48.7979586,2.34382693,1,6B,0,-1,2,0,1,2,200,1,-1.0,1,0,1,70,155 781 660,A01,1,7,0,2,3,1,1,203 988 431,155 781 660,A01,1,1,4,2,1986.0,1,1,0,-1,-1, -1,-1
202400000054,2,5,2024,08:40,1,94,94003,1,1,1,5,A6B,48.7979586,2.34382693,1,6B,0,-1,2,0,1,2,200,1,-1.0,1,0,1,70,155 781 660,A01,1,7,0,2,3,1,1,203 988 433,155 781 661,C01,1,1,4,1,1982.0,1,2,6,-1,-1, -1,-1
202400000054,2,5,2024,08:40,1,94,94003,1,1,1,5,A6B,48.7979586,2.34382693,1,6B,0,-1,2,0,1,2,200,1,-1.0,1,0,1,70,155 781 660,A01,1,7,0,2,3,1,1,203 988 434,155 781 662,B01,1,1,1,1,1986.0,1,1,0,-1,-1, -1,-1
202400000054,2,5,2024,08:40,1,94,94003,1,1,1,5,A6B,48.7979586,2.34382693,1,6B,0,-1,2,0,1,2,200,1,-1.0,1,0,1,70,155 781 661,C01,1,33,0,2,1,1,1,203 988 431,155 781 660,A01,1,1,4,2,1986.0,1,1,0,-1,-1, -1,-1
202400000054,2,5,2024,08:40,1,94,94003,1,1,1,5,A6B,48.7979586,2.34382693,1,6B,0,-1,2,0,1,2,200,1,-1.0,1,0,1,70,155 781 661,C01,1,33,0,2,1,1,1,203 988 433,155 781 661,C01,1,1,4,1,1982.0,1,2,6,-1,-1, -1,-1
202400000054,2,5,2024,08:40,1,94,94003,1,1,1,5,A6B,48.7979586,2.34382693,1,6B,0,-1,2,0,1,2,200,1,-1.0,1,0,1,70,155 781 661,C01,1,33,0,2,1,1,1,203 988 434,155 781 662,B01,1,1,1,1,1986.0,1,1,0,-1,-1, -1,-1
202400000054,2,5,2024,08:40,1,94,94003,1,1,1,5,A6B,48.7979586,2.34382693,1,6B,0,-1,2,0,1,2,200,1,-1.0,1,0,1,70,155 781 662,B01,1,7,0,2,4,1,3,203 988 431,155 781 660,A01,1,1,4,2,1986.0,1,1,0,-1,-1, -1,-1
202400000054,2,5,2024,08:40,1,94,94003,1,1,1,5,A6B,48.7979586,2.34382693,1,6B,0,-1,2,0,1,2,200,1,-1.0,1,0,1,70,155 781 662,B01,1,7,0,2,4,1,3,203 988 433,155 781 661,C01,1,1,4,1,1982.0,1,2,6,-1,-1, -1,-1
202400000054,2,5,2024,08:40,1,94,94003,1,1,1,5,A6B,48.7979586,2.34382693,1,6B,0,-1,2,0,1,2,200,1,-1.0,1,0,1,70,155 781 662,B01,1,7,0,2,4,1,3,203 988 434,155 781 662,B01,1,1,1,1,1986.0,1,1,0,-1,-1, -1,-1
202400000055,2,5,2024,16:45,1,92,92026,1,1,2,5,RN1014 Y,48.88924861,2.24664633,2,RN1014 Y,0,1,3,0,1,0,500,1,-1.0,2,1,1,70,155 781 654,A01,1,43,0,2,5,17,1,203 988 424,155 781 654,A01,1,1,4,1,1990.0,0,2,6,0,-1, -1,-1
202400000055,2,5,2024,16:45,1,92,92026,1,1,2,5,RN1014 Y,48.88924861,2.24664633,2,RN1014 Y,0,1,3,0,1,0,500,1,-1.0,2,1,1,70,155 781 654,A01,1,43,0,2,5,17,1,203 988 426,155 781 656,B01,1,1,1,1,1998.0,0,1,8,0,-1, -1,-1
202400000055,2,5,2024,16:45,1,92,92026,1,1,2,5,RN1014 Y,48.88924861,2.24664633,2,RN1014 Y,0,1,3,0,1,0,500,1,-1.0,2,1,1,70,155 781 654,A01,1,43,0,2,5,17,1,203 988 429,155 781 658,C01,1,1,1,2,1974.0,0,1,8,0,-1, -1,-1
202400000055,2,5,2024,16:45,1,92,92026,1,1,2,5,RN1014 Y,48.88924861,2.24664633,2,RN1014 Y,0,1,3,0,1,0,500,1,-1.0,2,1,1,70,155 781 656,B01,1,7,0,2,3,1,1,203 988 424,155 781 654,A01,1,1,4,1,1990.0,0,2,6,0,-1, -1,-1
202400000055,2,5,2024,16:45,1,92,92026,1,1,2,5,RN1014 Y,48.88924861,2.24664633,2,RN1014 Y,0,1,3,0,1,0,500,1,-1.0,2,1,1,70,155 781 656,B01,1,7,0,2,3,1,1,203 988 426,155 781 656,B01,1,1,1,1,1998.0,0,1,8,0,-1, -1,-1
202400000055,2,5,2024,16:45,1,92,92026,1,1,2,5,RN1014 Y,48.88924861,2.24664633,2,RN1014 Y,0,1,3,0,1,0,500,1,-1.0,2,1,1,70,155 781 656,B01,1,7,0,2,3,1,1,203 988 429,155 781 658,C01,1,1,1,2,1974.0,0,1,8,0,-1, -1,-1
202400000055,2,5,2024,16:45,1,92,92026,1,1,2,5,RN1014 Y,48.88924861,2.24664633,2,RN1014 Y,0,1,3,0,1,0,500,1,-1.0,2,1,1,70,155 781 658,C01,1,7,0,2,2,1,1,203 988 424,155 781 654,A01,1,1,4,1,1990.0,0,2,6,0,-1, -1,-1
202400000055,2,5,2024,16:45,1,92,92026,1,1,2,5,RN1014 Y,48.88924861,2.24664633,2,RN1014 Y,0,1,3,0,1,0,500,1,-1.0,2,1,1,70,155 781 658,C01,1,7,0,2,2,1,1,203 988 426,155 781 656,B01,1,1,1,1,1998.0,0,1,8,0,-1, -1,-1
202400000055,2,5,2024,16:45,1,92,92026,1,1,2,5,RN1014 Y,48.88924861,2.24664633,2,RN1014 Y,0,1,3,0,1,0,500,1,-1.0,2,1,1,70,155 781 658,C01,1,7,0,2,2,1,1,203 988 429,155 781 658,C01,1,1,1,2,1974.0,0,1,8,0,-1, -1,-1
202400000056,2,5,2024,10:49,1,78,78640,1,1,8,3,N118,48.77873,2.22253,2,N118,0,3,2,0,1,5,800,1,-1.0,1,3,1,50,155 781 651,A01,2,33,0,2,3,18,1,203 988 420,155 781 651,A01,1,1,4,1,2004.0,1,2,6,-1,-1, -1,-1
202400000056,2,5,2024,10:49,1,78,78640,1,1,8,3,N118,48.77873,2.22253,2,N118,0,3,2,0,1,5,800,1,-1.0,1,3,1,50,155 781 651,A01,2,33,0,2,3,18,1,203 988 421,155 781 652,B01,2,2,1,2,1991.0,5,1,0,-1,-1, -1,-1
202400000056,2,5,2024,10:49,1,78,78640,1,1,8,3,N118,48.77873,2.22253,2,N118,0,3,2,0,1,5,800,1,-1.0,1,3,1,50,155 781 651,A01,2,33,0,2,3,18,1,203 988 423,155 781 652,B01,1,1,1,1,1994.0,5,1,0,-1,-1, -1,-1
202400000056,2,5,2024,10:49,1,78,78640,1,1,8,3,N118,48.77873,2.22253,2,N118,0,3,2,0,1,5,800,1,-1.0,1,3,1,50,155 781 652,B01,2,7,0,2,7,1,1,203 988 420,155 781 651,A01,1,1,4,1,2004.0,1,2,6,-1,-1, -1,-1
202400000056,2,5,2024,10:49,1,78,78640,1,1,8,3,N118,48.77873,2.22253,2,N118,0,3,2,0,1,5,800,1,-1.0,1,3,1,50,155 781 652,B01,2,7,0,2,7,1,1,203 988 421,155 781 652,B01,2,2,1,2,1991.0,5,1,0,-1,-1, -1,-1
202400000056,2,5,2024,10:49,1,78,78640,1,1,8,3,N118,48.77873,2.22253,2,N118,0,3,2,0,1,5,800,1,-1.0,1,3,1,50,155 781 652,B01,2,7,0,2,7,1,1,203 988 423,155 781 652,B01,1,1,1,1,1994.0,5,1,0,-1,-1, -1,-1
202400000057,26,3,2024,18:00,1,62,62424,2,3,1,3,D956,50.207004,2.945676,3,38,-1,2,2,0,1,4,700,3,5.0,1,0,1,50,155 781 650,B01,1,7,0,2,3,16,1,203 988 419,155 781 650,B01,1,1,4,2,1971.0,1,1,-1,-1,0,0,-1
202400000057,26,3,2024,18:00,1,62,62424,2,3,1,3,D956,50.207004,2.945676,3,38,-1,2,2,0,1,4,700,3,5.0,1,0,1,50,155 781 650,B01,1,7,0,2,3,16,1,203 988 422,155 781 653,A01,1,1,4,1,1969.0,4,1,-1,-1,0,0,-1
202400000057,26,3,2024,18:00,1,62,62424,2,3,1,3,D956,50.207004,2.945676,3,38,-1,2,2,0,1,4,700,3,5.0,1,0,1,50,155 781 653,A01,2,10,0,2,3,15,1,203 988 419,155 781 650,B01,1,1,4,2,1971.0,1,1,-1,-1,0,0,-1
202400000057,26,3,2024,18:00,1,62,62424,2,3,1,3,D956,50.207004,2.945676,3,38,-1,2,2,0,1,4,700,3,5.0,1,0,1,50,155 781 653,A01,2,10,0,2,3,15,1,203 988 422,155 781 653,A01,1,1,4,1,1969.0,4,1,-1,-1,0,0,-1
202400000057,26,3,2024,18:00,1,62,62424,2,3,1,3,D956,50.207004,2.945676,3,956,-1,2,2,0,1,14,200,1,7.0,1,0,1,50,155 781 650,B01,1,7,0,2,3,16,1,203 988 419,155 781 650,B01,1,1,4,2,1971.0,1,1,-1,-1,0,0,-1
202400000057,26,3,2024,18:00,1,62,62424,2,3,1,3,D956,50.207004,2.945676,3,956,-1,2,2,0,1,14,200,1,7.0,1,0,1,50,155 781 650,B01,1,7,0,2,3,16,1,203 988 422,155 781 653,A01,1,1,4,1,1969.0,4,1,-1,-1,0,0,-1
202400000057,26,3,2024,18:00,1,62,62424,2,3,1,3,D956,50.207004,2.945676,3,956,-1,2,2,0,1,14,200,1,7.0,1,0,1,50,155 781 653,A01,2,10,0,2,3,15,1,203 988 419,155 781 650,B01,1,1,4,2,1971.0,1,1,-1,-1,0,0,-1
202400000057,26,3,2024,18:00,1,62,62424,2,3,1,3,D956,50.207004,2.945676,3,956,-1,2,2,0,1,14,200,1,7.0,1,0,1,50,155 781 653,A01,2,10,0,2,3,15,1,203 988 422,155 781 653,A01,1,1,4,1,1969.0,4,1,-1,-1,0,0,-1
